word,needs_decision,object,scene,prompt_flat,prompt_photo,prompt_watercolor,prompt_paper
ананас,,a pineapple,"on a rustic wooden kitchen table, softly blurred kitchen behind","A flat vector illustration of a pineapple, in the style of a children's educational flashcard. Bold thick dark outline, solid flat pastel colors, simple shapes, no shading, no gradients, no shadows. A single subject centered with margins, plain pure white background, no text, no letters.","A realistic photograph of a pineapple, on a rustic wooden kitchen table, softly blurred kitchen behind. Soft natural daylight, shallow depth of field, sharp focus on the subject, a single clear subject centered in the frame, whole subject visible, clean uncluttered composition, no text, no watermark.","A soft watercolor illustration of a pineapple for a children's picture book. Gentle pastel colors, delicate brush strokes, visible paper texture, light washes, a single subject centered with margins, a pale soft watercolor wash background, no text.","A paper cut-out collage of a pineapple, made of layered colored construction paper with simple shapes and soft paper shadows, children's craft style, a single subject centered with margins, plain light cream paper background, no text."
апельсин,,one orange,"on a rustic wooden kitchen table, softly blurred kitchen behind","A flat vector illustration of one orange, in the style of a children's educational flashcard. Bold thick dark outline, solid flat pastel colors, simple shapes, no shading, no gradients, no shadows. A single subject centered with margins, plain pure white background, no text, no letters.","A realistic photograph of one orange, on a rustic wooden kitchen table, softly blurred kitchen behind. Soft natural daylight, shallow depth of field, sharp focus on the subject, a single clear subject centered in the frame, whole subject visible, clean uncluttered composition, no text, no watermark.","A soft watercolor illustration of one orange for a children's picture book. Gentle pastel colors, delicate brush strokes, visible paper texture, light washes, a single subject centered with margins, a pale soft watercolor wash background, no text.","A paper cut-out collage of one orange, made of layered colored construction paper with simple shapes and soft paper shadows, children's craft style, a single subject centered with margins, plain light cream paper background, no text."
арбуз,,a watermelon with a slice cut out,"on a rustic wooden kitchen table, softly blurred kitchen behind","A flat vector illustration of a watermelon with a slice cut out, in the style of a children's educational flashcard. Bold thick dark outline, solid flat pastel colors, simple shapes, no shading, no gradients, no shadows. A single subject centered with margins, plain pure white background, no text, no letters.","A realistic photograph of a watermelon with a slice cut out, on a rustic wooden kitchen table, softly blurred kitchen behind. Soft natural daylight, shallow depth of field, sharp focus on the subject, a single clear subject centered in the frame, whole subject visible, clean uncluttered composition, no text, no watermark.","A soft watercolor illustration of a watermelon with a slice cut out for a children's picture book. Gentle pastel colors, delicate brush strokes, visible paper texture, light washes, a single subject centered with margins, a pale soft watercolor wash background, no text.","A paper cut-out collage of a watermelon with a slice cut out, made of layered colored construction paper with simple shapes and soft paper shadows, children's craft style, a single subject centered with margins, plain light cream paper background, no text."
баба,,"a friendly grandmother with a grey hair bun, full body","in a bright simple everyday setting, soft natural light, plain clothes, friendly smile, looking at the camera","A flat vector illustration of a friendly grandmother with a grey hair bun, full body, in the style of a children's educational flashcard. Bold thick dark outline, solid flat pastel colors, simple shapes, no shading, no gradients, no shadows. A single subject centered with margins, plain pure white background, no text, no letters.","A realistic photograph of a friendly grandmother with a grey hair bun, full body, in a bright simple everyday setting, soft natural light, plain clothes, friendly smile, looking at the camera. Soft natural daylight, shallow depth of field, sharp focus on the subject, a single clear subject centered in the frame, whole subject visible, clean uncluttered composition, no text, no watermark.","A soft watercolor illustration of a friendly grandmother with a grey hair bun, full body for a children's picture book. Gentle pastel colors, delicate brush strokes, visible paper texture, light washes, a single subject centered with margins, a pale soft watercolor wash background, no text.","A paper cut-out collage of a friendly grandmother with a grey hair bun, full body, made of layered colored construction paper with simple shapes and soft paper shadows, children's craft style, a single subject centered with margins, plain light cream paper background, no text."
банан,,one yellow banana,"on a rustic wooden kitchen table, softly blurred kitchen behind","A flat vector illustration of one yellow banana, in the style of a children's educational flashcard. Bold thick dark outline, solid flat pastel colors, simple shapes, no shading, no gradients, no shadows. A single subject centered with margins, plain pure white background, no text, no letters.","A realistic photograph of one yellow banana, on a rustic wooden kitchen table, softly blurred kitchen behind. Soft natural daylight, shallow depth of field, sharp focus on the subject, a single clear subject centered in the frame, whole subject visible, clean uncluttered composition, no text, no watermark.","A soft watercolor illustration of one yellow banana for a children's picture book. Gentle pastel colors, delicate brush strokes, visible paper texture, light washes, a single subject centered with margins, a pale soft watercolor wash background, no text.","A paper cut-out collage of one yellow banana, made of layered colored construction paper with simple shapes and soft paper shadows, children's craft style, a single subject centered with margins, plain light cream paper background, no text."
банка,,a glass jar with a lid,"on a wooden kitchen table, softly blurred kitchen behind","A flat vector illustration of a glass jar with a lid, in the style of a children's educational flashcard. Bold thick dark outline, solid flat pastel colors, simple shapes, no shading, no gradients, no shadows. A single subject centered with margins, plain pure white background, no text, no letters.","A realistic photograph of a glass jar with a lid, on a wooden kitchen table, softly blurred kitchen behind. Soft natural daylight, shallow depth of field, sharp focus on the subject, a single clear subject centered in the frame, whole subject visible, clean uncluttered composition, no text, no watermark.","A soft watercolor illustration of a glass jar with a lid for a children's picture book. Gentle pastel colors, delicate brush strokes, visible paper texture, light washes, a single subject centered with margins, a pale soft watercolor wash background, no text.","A paper cut-out collage of a glass jar with a lid, made of layered colored construction paper with simple shapes and soft paper shadows, children's craft style, a single subject centered with margins, plain light cream paper background, no text."
бантик,,a pink hair bow,"on a light wooden table in a bright cozy room, softly blurred room behind","A flat vector illustration of a pink hair bow, in the style of a children's educational flashcard. Bold thick dark outline, solid flat pastel colors, simple shapes, no shading, no gradients, no shadows. A single subject centered with margins, plain pure white background, no text, no letters.","A realistic photograph of a pink hair bow, on a light wooden table in a bright cozy room, softly blurred room behind. Soft natural daylight, shallow depth of field, sharp focus on the subject, a single clear subject centered in the frame, whole subject visible, clean uncluttered composition, no text, no watermark.","A soft watercolor illustration of a pink hair bow for a children's picture book. Gentle pastel colors, delicate brush strokes, visible paper texture, light washes, a single subject centered with margins, a pale soft watercolor wash background, no text.","A paper cut-out collage of a pink hair bow, made of layered colored construction paper with simple shapes and soft paper shadows, children's craft style, a single subject centered with margins, plain light cream paper background, no text."
барабан,,a toy drum with two sticks,"on a light wooden table in a bright cozy room, softly blurred room behind","A flat vector illustration of a toy drum with two sticks, in the style of a children's educational flashcard. Bold thick dark outline, solid flat pastel colors, simple shapes, no shading, no gradients, no shadows. A single subject centered with margins, plain pure white background, no text, no letters.","A realistic photograph of a toy drum with two sticks, on a light wooden table in a bright cozy room, softly blurred room behind. Soft natural daylight, shallow depth of field, sharp focus on the subject, a single clear subject centered in the frame, whole subject visible, clean uncluttered composition, no text, no watermark.","A soft watercolor illustration of a toy drum with two sticks for a children's picture book. Gentle pastel colors, delicate brush strokes, visible paper texture, light washes, a single subject centered with margins, a pale soft watercolor wash background, no text.","A paper cut-out collage of a toy drum with two sticks, made of layered colored construction paper with simple shapes and soft paper shadows, children's craft style, a single subject centered with margins, plain light cream paper background, no text."
барашек,,"a cute lamb, front view","in a natural outdoor setting on green grass, soft green background","A flat vector illustration of a cute lamb, front view, in the style of a children's educational flashcard. Bold thick dark outline, solid flat pastel colors, simple shapes, no shading, no gradients, no shadows. A single subject centered with margins, plain pure white background, no text, no letters.","A realistic photograph of a cute lamb, front view, in a natural outdoor setting on green grass, soft green background. Soft natural daylight, shallow depth of field, sharp focus on the subject, a single clear subject centered in the frame, whole subject visible, clean uncluttered composition, no text, no watermark.","A soft watercolor illustration of a cute lamb, front view for a children's picture book. Gentle pastel colors, delicate brush strokes, visible paper texture, light washes, a single subject centered with margins, a pale soft watercolor wash background, no text.","A paper cut-out collage of a cute lamb, front view, made of layered colored construction paper with simple shapes and soft paper shadows, children's craft style, a single subject centered with margins, plain light cream paper background, no text."
бассейн,,a swimming pool with a ladder,in a sunny backyard,"A flat vector illustration of a swimming pool with a ladder, in the style of a children's educational flashcard. Bold thick dark outline, solid flat pastel colors, simple shapes, no shading, no gradients, no shadows. A single subject centered with margins, plain pure white background, no text, no letters.","A realistic photograph of a swimming pool with a ladder, in a sunny backyard. Soft natural daylight, shallow depth of field, sharp focus on the subject, a single clear subject centered in the frame, whole subject visible, clean uncluttered composition, no text, no watermark.","A soft watercolor illustration of a swimming pool with a ladder for a children's picture book. Gentle pastel colors, delicate brush strokes, visible paper texture, light washes, a single subject centered with margins, a pale soft watercolor wash background, no text.","A paper cut-out collage of a swimming pool with a ladder, made of layered colored construction paper with simple shapes and soft paper shadows, children's craft style, a single subject centered with margins, plain light cream paper background, no text."
бегемот,,a friendly hippo,"in a natural outdoor setting on green grass, soft green background","A flat vector illustration of a friendly hippo, in the style of a children's educational flashcard. Bold thick dark outline, solid flat pastel colors, simple shapes, no shading, no gradients, no shadows. A single subject centered with margins, plain pure white background, no text, no letters.","A realistic photograph of a friendly hippo, in a natural outdoor setting on green grass, soft green background. Soft natural daylight, shallow depth of field, sharp focus on the subject, a single clear subject centered in the frame, whole subject visible, clean uncluttered composition, no text, no watermark.","A soft watercolor illustration of a friendly hippo for a children's picture book. Gentle pastel colors, delicate brush strokes, visible paper texture, light washes, a single subject centered with margins, a pale soft watercolor wash background, no text.","A paper cut-out collage of a friendly hippo, made of layered colored construction paper with simple shapes and soft paper shadows, children's craft style, a single subject centered with margins, plain light cream paper background, no text."
бежит,,"a child running, side view","in a bright cozy home setting, full body, seen from the side","A flat vector illustration of a child running, side view, in the style of a children's educational flashcard. Bold thick dark outline, solid flat pastel colors, simple shapes, no shading, no gradients, no shadows. A single subject centered with margins, plain pure white background, no text, no letters.","A realistic photograph of a child running, side view, in a bright cozy home setting, full body, seen from the side. Soft natural daylight, shallow depth of field, sharp focus on the subject, a single clear subject centered in the frame, whole subject visible, clean uncluttered composition, no text, no watermark.","A soft watercolor illustration of a child running, side view for a children's picture book. Gentle pastel colors, delicate brush strokes, visible paper texture, light washes, a single subject centered with margins, a pale soft watercolor wash background, no text.","A paper cut-out collage of a child running, side view, made of layered colored construction paper with simple shapes and soft paper shadows, children's craft style, a single subject centered with margins, plain light cream paper background, no text."
бок,да,"a child in a plain t-shirt with one hand resting on own side, front view","natural indoor setting, soft daylight, only the relevant body part clearly in focus","A flat vector illustration of a child in a plain t-shirt with one hand resting on own side, front view, in the style of a children's educational flashcard. Bold thick dark outline, solid flat pastel colors, simple shapes, no shading, no gradients, no shadows. A single subject centered with margins, plain pure white background, no text, no letters.","A realistic photograph of a child in a plain t-shirt with one hand resting on own side, front view, natural indoor setting, soft daylight, only the relevant body part clearly in focus. Soft natural daylight, shallow depth of field, sharp focus on the subject, a single clear subject centered in the frame, whole subject visible, clean uncluttered composition, no text, no watermark.","A soft watercolor illustration of a child in a plain t-shirt with one hand resting on own side, front view for a children's picture book. Gentle pastel colors, delicate brush strokes, visible paper texture, light washes, a single subject centered with margins, a pale soft watercolor wash background, no text.","A paper cut-out collage of a child in a plain t-shirt with one hand resting on own side, front view, made of layered colored construction paper with simple shapes and soft paper shadows, children's craft style, a single subject centered with margins, plain light cream paper background, no text."
ботва,да,"a bunch of beet tops, green leaves with red stems","on a rustic wooden kitchen table, softly blurred kitchen behind","A flat vector illustration of a bunch of beet tops, green leaves with red stems, in the style of a children's educational flashcard. Bold thick dark outline, solid flat pastel colors, simple shapes, no shading, no gradients, no shadows. A single subject centered with margins, plain pure white background, no text, no letters.","A realistic photograph of a bunch of beet tops, green leaves with red stems, on a rustic wooden kitchen table, softly blurred kitchen behind. Soft natural daylight, shallow depth of field, sharp focus on the subject, a single clear subject centered in the frame, whole subject visible, clean uncluttered composition, no text, no watermark.","A soft watercolor illustration of a bunch of beet tops, green leaves with red stems for a children's picture book. Gentle pastel colors, delicate brush strokes, visible paper texture, light washes, a single subject centered with margins, a pale soft watercolor wash background, no text.","A paper cut-out collage of a bunch of beet tops, green leaves with red stems, made of layered colored construction paper with simple shapes and soft paper shadows, children's craft style, a single subject centered with margins, plain light cream paper background, no text."
бутерброд,,a sandwich with cheese,"on a rustic wooden kitchen table, softly blurred kitchen behind","A flat vector illustration of a sandwich with cheese, in the style of a children's educational flashcard. Bold thick dark outline, solid flat pastel colors, simple shapes, no shading, no gradients, no shadows. A single subject centered with margins, plain pure white background, no text, no letters.","A realistic photograph of a sandwich with cheese, on a rustic wooden kitchen table, softly blurred kitchen behind. Soft natural daylight, shallow depth of field, sharp focus on the subject, a single clear subject centered in the frame, whole subject visible, clean uncluttered composition, no text, no watermark.","A soft watercolor illustration of a sandwich with cheese for a children's picture book. Gentle pastel colors, delicate brush strokes, visible paper texture, light washes, a single subject centered with margins, a pale soft watercolor wash background, no text.","A paper cut-out collage of a sandwich with cheese, made of layered colored construction paper with simple shapes and soft paper shadows, children's craft style, a single subject centered with margins, plain light cream paper background, no text."
верблюд,,a camel with two humps,"in a natural outdoor setting on green grass, soft green background","A flat vector illustration of a camel with two humps, in the style of a children's educational flashcard. Bold thick dark outline, solid flat pastel colors, simple shapes, no shading, no gradients, no shadows. A single subject centered with margins, plain pure white background, no text, no letters.","A realistic photograph of a camel with two humps, in a natural outdoor setting on green grass, soft green background. Soft natural daylight, shallow depth of field, sharp focus on the subject, a single clear subject centered in the frame, whole subject visible, clean uncluttered composition, no text, no watermark.","A soft watercolor illustration of a camel with two humps for a children's picture book. Gentle pastel colors, delicate brush strokes, visible paper texture, light washes, a single subject centered with margins, a pale soft watercolor wash background, no text.","A paper cut-out collage of a camel with two humps, made of layered colored construction paper with simple shapes and soft paper shadows, children's craft style, a single subject centered with margins, plain light cream paper background, no text."
вертолёт,,"a helicopter, side view","on a helipad, clear sky","A flat vector illustration of a helicopter, side view, in the style of a children's educational flashcard. Bold thick dark outline, solid flat pastel colors, simple shapes, no shading, no gradients, no shadows. A single subject centered with margins, plain pure white background, no text, no letters.","A realistic photograph of a helicopter, side view, on a helipad, clear sky. Soft natural daylight, shallow depth of field, sharp focus on the subject, a single clear subject centered in the frame, whole subject visible, clean uncluttered composition, no text, no watermark.","A soft watercolor illustration of a helicopter, side view for a children's picture book. Gentle pastel colors, delicate brush strokes, visible paper texture, light washes, a single subject centered with margins, a pale soft watercolor wash background, no text.","A paper cut-out collage of a helicopter, side view, made of layered colored construction paper with simple shapes and soft paper shadows, children's craft style, a single subject centered with margins, plain light cream paper background, no text."
ветка,,a tree branch with leaves,against a soft green background,"A flat vector illustration of a tree branch with leaves, in the style of a children's educational flashcard. Bold thick dark outline, solid flat pastel colors, simple shapes, no shading, no gradients, no shadows. A single subject centered with margins, plain pure white background, no text, no letters.","A realistic photograph of a tree branch with leaves, against a soft green background. Soft natural daylight, shallow depth of field, sharp focus on the subject, a single clear subject centered in the frame, whole subject visible, clean uncluttered composition, no text, no watermark.","A soft watercolor illustration of a tree branch with leaves for a children's picture book. Gentle pastel colors, delicate brush strokes, visible paper texture, light washes, a single subject centered with margins, a pale soft watercolor wash background, no text.","A paper cut-out collage of a tree branch with leaves, made of layered colored construction paper with simple shapes and soft paper shadows, children's craft style, a single subject centered with margins, plain light cream paper background, no text."
вовочка,,"a smiling little boy, full body","in a bright simple everyday setting, soft natural light, plain clothes, friendly smile, looking at the camera","A flat vector illustration of a smiling little boy, full body, in the style of a children's educational flashcard. Bold thick dark outline, solid flat pastel colors, simple shapes, no shading, no gradients, no shadows. A single subject centered with margins, plain pure white background, no text, no letters.","A realistic photograph of a smiling little boy, full body, in a bright simple everyday setting, soft natural light, plain clothes, friendly smile, looking at the camera. Soft natural daylight, shallow depth of field, sharp focus on the subject, a single clear subject centered in the frame, whole subject visible, clean uncluttered composition, no text, no watermark.","A soft watercolor illustration of a smiling little boy, full body for a children's picture book. Gentle pastel colors, delicate brush strokes, visible paper texture, light washes, a single subject centered with margins, a pale soft watercolor wash background, no text.","A paper cut-out collage of a smiling little boy, full body, made of layered colored construction paper with simple shapes and soft paper shadows, children's craft style, a single subject centered with margins, plain light cream paper background, no text."
вода,,a glass of clear water,"on a rustic wooden kitchen table, softly blurred kitchen behind","A flat vector illustration of a glass of clear water, in the style of a children's educational flashcard. Bold thick dark outline, solid flat pastel colors, simple shapes, no shading, no gradients, no shadows. A single subject centered with margins, plain pure white background, no text, no letters.","A realistic photograph of a glass of clear water, on a rustic wooden kitchen table, softly blurred kitchen behind. Soft natural daylight, shallow depth of field, sharp focus on the subject, a single clear subject centered in the frame, whole subject visible, clean uncluttered composition, no text, no watermark.","A soft watercolor illustration of a glass of clear water for a children's picture book. Gentle pastel colors, delicate brush strokes, visible paper texture, light washes, a single subject centered with margins, a pale soft watercolor wash background, no text.","A paper cut-out collage of a glass of clear water, made of layered colored construction paper with simple shapes and soft paper shadows, children's craft style, a single subject centered with margins, plain light cream paper background, no text."
волк,,a friendly grey wolf,"in a natural outdoor setting on green grass, soft green background","A flat vector illustration of a friendly grey wolf, in the style of a children's educational flashcard. Bold thick dark outline, solid flat pastel colors, simple shapes, no shading, no gradients, no shadows. A single subject centered with margins, plain pure white background, no text, no letters.","A realistic photograph of a friendly grey wolf, in a natural outdoor setting on green grass, soft green background. Soft natural daylight, shallow depth of field, sharp focus on the subject, a single clear subject centered in the frame, whole subject visible, clean uncluttered composition, no text, no watermark.","A soft watercolor illustration of a friendly grey wolf for a children's picture book. Gentle pastel colors, delicate brush strokes, visible paper texture, light washes, a single subject centered with margins, a pale soft watercolor wash background, no text.","A paper cut-out collage of a friendly grey wolf, made of layered colored construction paper with simple shapes and soft paper shadows, children's craft style, a single subject centered with margins, plain light cream paper background, no text."
ворона,,a black crow,"in a natural outdoor setting on green grass, soft green background","A flat vector illustration of a black crow, in the style of a children's educational flashcard. Bold thick dark outline, solid flat pastel colors, simple shapes, no shading, no gradients, no shadows. A single subject centered with margins, plain pure white background, no text, no letters.","A realistic photograph of a black crow, in a natural outdoor setting on green grass, soft green background. Soft natural daylight, shallow depth of field, sharp focus on the subject, a single clear subject centered in the frame, whole subject visible, clean uncluttered composition, no text, no watermark.","A soft watercolor illustration of a black crow for a children's picture book. Gentle pastel colors, delicate brush strokes, visible paper texture, light washes, a single subject centered with margins, a pale soft watercolor wash background, no text.","A paper cut-out collage of a black crow, made of layered colored construction paper with simple shapes and soft paper shadows, children's craft style, a single subject centered with margins, plain light cream paper background, no text."
восемь,,eight apples in two rows,"on a rustic wooden kitchen table, softly blurred kitchen behind","A flat vector illustration of eight apples in two rows, in the style of a children's educational flashcard. Bold thick dark outline, solid flat pastel colors, simple shapes, no shading, no gradients, no shadows. A single subject centered with margins, plain pure white background, no text, no letters.","A realistic photograph of eight apples in two rows, on a rustic wooden kitchen table, softly blurred kitchen behind. Soft natural daylight, shallow depth of field, sharp focus on the subject, a single clear subject centered in the frame, whole subject visible, clean uncluttered composition, no text, no watermark.","A soft watercolor illustration of eight apples in two rows for a children's picture book. Gentle pastel colors, delicate brush strokes, visible paper texture, light washes, a single subject centered with margins, a pale soft watercolor wash background, no text.","A paper cut-out collage of eight apples in two rows, made of layered colored construction paper with simple shapes and soft paper shadows, children's craft style, a single subject centered with margins, plain light cream paper background, no text."
врач,,a friendly doctor with stethoscope,"in a bright simple everyday setting, soft natural light, plain clothes, friendly smile, looking at the camera","A flat vector illustration of a friendly doctor with stethoscope, in the style of a children's educational flashcard. Bold thick dark outline, solid flat pastel colors, simple shapes, no shading, no gradients, no shadows. A single subject centered with margins, plain pure white background, no text, no letters.","A realistic photograph of a friendly doctor with stethoscope, in a bright simple everyday setting, soft natural light, plain clothes, friendly smile, looking at the camera. Soft natural daylight, shallow depth of field, sharp focus on the subject, a single clear subject centered in the frame, whole subject visible, clean uncluttered composition, no text, no watermark.","A soft watercolor illustration of a friendly doctor with stethoscope for a children's picture book. Gentle pastel colors, delicate brush strokes, visible paper texture, light washes, a single subject centered with margins, a pale soft watercolor wash background, no text.","A paper cut-out collage of a friendly doctor with stethoscope, made of layered colored construction paper with simple shapes and soft paper shadows, children's craft style, a single subject centered with margins, plain light cream paper background, no text."
гараж,,a small garage with open door,a quiet residential street,"A flat vector illustration of a small garage with open door, in the style of a children's educational flashcard. Bold thick dark outline, solid flat pastel colors, simple shapes, no shading, no gradients, no shadows. A single subject centered with margins, plain pure white background, no text, no letters.","A realistic photograph of a small garage with open door, a quiet residential street. Soft natural daylight, shallow depth of field, sharp focus on the subject, a single clear subject centered in the frame, whole subject visible, clean uncluttered composition, no text, no watermark.","A soft watercolor illustration of a small garage with open door for a children's picture book. Gentle pastel colors, delicate brush strokes, visible paper texture, light washes, a single subject centered with margins, a pale soft watercolor wash background, no text.","A paper cut-out collage of a small garage with open door, made of layered colored construction paper with simple shapes and soft paper shadows, children's craft style, a single subject centered with margins, plain light cream paper background, no text."
гнездо,,a bird nest with eggs,"in a tree branch, soft green background","A flat vector illustration of a bird nest with eggs, in the style of a children's educational flashcard. Bold thick dark outline, solid flat pastel colors, simple shapes, no shading, no gradients, no shadows. A single subject centered with margins, plain pure white background, no text, no letters.","A realistic photograph of a bird nest with eggs, in a tree branch, soft green background. Soft natural daylight, shallow depth of field, sharp focus on the subject, a single clear subject centered in the frame, whole subject visible, clean uncluttered composition, no text, no watermark.","A soft watercolor illustration of a bird nest with eggs for a children's picture book. Gentle pastel colors, delicate brush strokes, visible paper texture, light washes, a single subject centered with margins, a pale soft watercolor wash background, no text.","A paper cut-out collage of a bird nest with eggs, made of layered colored construction paper with simple shapes and soft paper shadows, children's craft style, a single subject centered with margins, plain light cream paper background, no text."
год,да,a wall calendar page with a grid of days,hanging on a plain light wall,"A flat vector illustration of a wall calendar page with a grid of days, in the style of a children's educational flashcard. Bold thick dark outline, solid flat pastel colors, simple shapes, no shading, no gradients, no shadows. A single subject centered with margins, plain pure white background, no text, no letters.","A realistic photograph of a wall calendar page with a grid of days, hanging on a plain light wall. Soft natural daylight, shallow depth of field, sharp focus on the subject, a single clear subject centered in the frame, whole subject visible, clean uncluttered composition, no text, no watermark.","A soft watercolor illustration of a wall calendar page with a grid of days for a children's picture book. Gentle pastel colors, delicate brush strokes, visible paper texture, light washes, a single subject centered with margins, a pale soft watercolor wash background, no text.","A paper cut-out collage of a wall calendar page with a grid of days, made of layered colored construction paper with simple shapes and soft paper shadows, children's craft style, a single subject centered with margins, plain light cream paper background, no text."
голова,,"a child head, front view","natural indoor setting, soft daylight, only the relevant body part clearly in focus","A flat vector illustration of a child head, front view, in the style of a children's educational flashcard. Bold thick dark outline, solid flat pastel colors, simple shapes, no shading, no gradients, no shadows. A single subject centered with margins, plain pure white background, no text, no letters.","A realistic photograph of a child head, front view, natural indoor setting, soft daylight, only the relevant body part clearly in focus. Soft natural daylight, shallow depth of field, sharp focus on the subject, a single clear subject centered in the frame, whole subject visible, clean uncluttered composition, no text, no watermark.","A soft watercolor illustration of a child head, front view for a children's picture book. Gentle pastel colors, delicate brush strokes, visible paper texture, light washes, a single subject centered with margins, a pale soft watercolor wash background, no text.","A paper cut-out collage of a child head, front view, made of layered colored construction paper with simple shapes and soft paper shadows, children's craft style, a single subject centered with margins, plain light cream paper background, no text."
горох,,a pea pod with peas,"on a rustic wooden kitchen table, softly blurred kitchen behind","A flat vector illustration of a pea pod with peas, in the style of a children's educational flashcard. Bold thick dark outline, solid flat pastel colors, simple shapes, no shading, no gradients, no shadows. A single subject centered with margins, plain pure white background, no text, no letters.","A realistic photograph of a pea pod with peas, on a rustic wooden kitchen table, softly blurred kitchen behind. Soft natural daylight, shallow depth of field, sharp focus on the subject, a single clear subject centered in the frame, whole subject visible, clean uncluttered composition, no text, no watermark.","A soft watercolor illustration of a pea pod with peas for a children's picture book. Gentle pastel colors, delicate brush strokes, visible paper texture, light washes, a single subject centered with margins, a pale soft watercolor wash background, no text.","A paper cut-out collage of a pea pod with peas, made of layered colored construction paper with simple shapes and soft paper shadows, children's craft style, a single subject centered with margins, plain light cream paper background, no text."
горшок,,a terracotta flower pot with soil,on a sunny windowsill,"A flat vector illustration of a terracotta flower pot with soil, in the style of a children's educational flashcard. Bold thick dark outline, solid flat pastel colors, simple shapes, no shading, no gradients, no shadows. A single subject centered with margins, plain pure white background, no text, no letters.","A realistic photograph of a terracotta flower pot with soil, on a sunny windowsill. Soft natural daylight, shallow depth of field, sharp focus on the subject, a single clear subject centered in the frame, whole subject visible, clean uncluttered composition, no text, no watermark.","A soft watercolor illustration of a terracotta flower pot with soil for a children's picture book. Gentle pastel colors, delicate brush strokes, visible paper texture, light washes, a single subject centered with margins, a pale soft watercolor wash background, no text.","A paper cut-out collage of a terracotta flower pot with soil, made of layered colored construction paper with simple shapes and soft paper shadows, children's craft style, a single subject centered with margins, plain light cream paper background, no text."
гриб,,one mushroom with a red cap,"on a rustic wooden kitchen table, softly blurred kitchen behind","A flat vector illustration of one mushroom with a red cap, in the style of a children's educational flashcard. Bold thick dark outline, solid flat pastel colors, simple shapes, no shading, no gradients, no shadows. A single subject centered with margins, plain pure white background, no text, no letters.","A realistic photograph of one mushroom with a red cap, on a rustic wooden kitchen table, softly blurred kitchen behind. Soft natural daylight, shallow depth of field, sharp focus on the subject, a single clear subject centered in the frame, whole subject visible, clean uncluttered composition, no text, no watermark.","A soft watercolor illustration of one mushroom with a red cap for a children's picture book. Gentle pastel colors, delicate brush strokes, visible paper texture, light washes, a single subject centered with margins, a pale soft watercolor wash background, no text.","A paper cut-out collage of one mushroom with a red cap, made of layered colored construction paper with simple shapes and soft paper shadows, children's craft style, a single subject centered with margins, plain light cream paper background, no text."
гусь,,a white goose,"in a natural outdoor setting on green grass, soft green background","A flat vector illustration of a white goose, in the style of a children's educational flashcard. Bold thick dark outline, solid flat pastel colors, simple shapes, no shading, no gradients, no shadows. A single subject centered with margins, plain pure white background, no text, no letters.","A realistic photograph of a white goose, in a natural outdoor setting on green grass, soft green background. Soft natural daylight, shallow depth of field, sharp focus on the subject, a single clear subject centered in the frame, whole subject visible, clean uncluttered composition, no text, no watermark.","A soft watercolor illustration of a white goose for a children's picture book. Gentle pastel colors, delicate brush strokes, visible paper texture, light washes, a single subject centered with margins, a pale soft watercolor wash background, no text.","A paper cut-out collage of a white goose, made of layered colored construction paper with simple shapes and soft paper shadows, children's craft style, a single subject centered with margins, plain light cream paper background, no text."
два,,two red apples side by side,"on a rustic wooden kitchen table, softly blurred kitchen behind","A flat vector illustration of two red apples side by side, in the style of a children's educational flashcard. Bold thick dark outline, solid flat pastel colors, simple shapes, no shading, no gradients, no shadows. A single subject centered with margins, plain pure white background, no text, no letters.","A realistic photograph of two red apples side by side, on a rustic wooden kitchen table, softly blurred kitchen behind. Soft natural daylight, shallow depth of field, sharp focus on the subject, a single clear subject centered in the frame, whole subject visible, clean uncluttered composition, no text, no watermark.","A soft watercolor illustration of two red apples side by side for a children's picture book. Gentle pastel colors, delicate brush strokes, visible paper texture, light washes, a single subject centered with margins, a pale soft watercolor wash background, no text.","A paper cut-out collage of two red apples side by side, made of layered colored construction paper with simple shapes and soft paper shadows, children's craft style, a single subject centered with margins, plain light cream paper background, no text."
девять,,nine apples in three rows,"on a rustic wooden kitchen table, softly blurred kitchen behind","A flat vector illustration of nine apples in three rows, in the style of a children's educational flashcard. Bold thick dark outline, solid flat pastel colors, simple shapes, no shading, no gradients, no shadows. A single subject centered with margins, plain pure white background, no text, no letters.","A realistic photograph of nine apples in three rows, on a rustic wooden kitchen table, softly blurred kitchen behind. Soft natural daylight, shallow depth of field, sharp focus on the subject, a single clear subject centered in the frame, whole subject visible, clean uncluttered composition, no text, no watermark.","A soft watercolor illustration of nine apples in three rows for a children's picture book. Gentle pastel colors, delicate brush strokes, visible paper texture, light washes, a single subject centered with margins, a pale soft watercolor wash background, no text.","A paper cut-out collage of nine apples in three rows, made of layered colored construction paper with simple shapes and soft paper shadows, children's craft style, a single subject centered with margins, plain light cream paper background, no text."
дерево,,a green tree,"outdoors in a sunny garden or park, soft green background","A flat vector illustration of a green tree, in the style of a children's educational flashcard. Bold thick dark outline, solid flat pastel colors, simple shapes, no shading, no gradients, no shadows. A single subject centered with margins, plain pure white background, no text, no letters.","A realistic photograph of a green tree, outdoors in a sunny garden or park, soft green background. Soft natural daylight, shallow depth of field, sharp focus on the subject, a single clear subject centered in the frame, whole subject visible, clean uncluttered composition, no text, no watermark.","A soft watercolor illustration of a green tree for a children's picture book. Gentle pastel colors, delicate brush strokes, visible paper texture, light washes, a single subject centered with margins, a pale soft watercolor wash background, no text.","A paper cut-out collage of a green tree, made of layered colored construction paper with simple shapes and soft paper shadows, children's craft style, a single subject centered with margins, plain light cream paper background, no text."
десять,,ten apples in two rows,"on a rustic wooden kitchen table, softly blurred kitchen behind","A flat vector illustration of ten apples in two rows, in the style of a children's educational flashcard. Bold thick dark outline, solid flat pastel colors, simple shapes, no shading, no gradients, no shadows. A single subject centered with margins, plain pure white background, no text, no letters.","A realistic photograph of ten apples in two rows, on a rustic wooden kitchen table, softly blurred kitchen behind. Soft natural daylight, shallow depth of field, sharp focus on the subject, a single clear subject centered in the frame, whole subject visible, clean uncluttered composition, no text, no watermark.","A soft watercolor illustration of ten apples in two rows for a children's picture book. Gentle pastel colors, delicate brush strokes, visible paper texture, light washes, a single subject centered with margins, a pale soft watercolor wash background, no text.","A paper cut-out collage of ten apples in two rows, made of layered colored construction paper with simple shapes and soft paper shadows, children's craft style, a single subject centered with margins, plain light cream paper background, no text."
диван,,a sofa,in a bright living room,"A flat vector illustration of a sofa, in the style of a children's educational flashcard. Bold thick dark outline, solid flat pastel colors, simple shapes, no shading, no gradients, no shadows. A single subject centered with margins, plain pure white background, no text, no letters.","A realistic photograph of a sofa, in a bright living room. Soft natural daylight, shallow depth of field, sharp focus on the subject, a single clear subject centered in the frame, whole subject visible, clean uncluttered composition, no text, no watermark.","A soft watercolor illustration of a sofa for a children's picture book. Gentle pastel colors, delicate brush strokes, visible paper texture, light washes, a single subject centered with margins, a pale soft watercolor wash background, no text.","A paper cut-out collage of a sofa, made of layered colored construction paper with simple shapes and soft paper shadows, children's craft style, a single subject centered with margins, plain light cream paper background, no text."
дом,,a two-story house with a red roof and a door,"outdoors in a sunny garden or park, soft green background","A flat vector illustration of a two-story house with a red roof and a door, in the style of a children's educational flashcard. Bold thick dark outline, solid flat pastel colors, simple shapes, no shading, no gradients, no shadows. A single subject centered with margins, plain pure white background, no text, no letters.","A realistic photograph of a two-story house with a red roof and a door, outdoors in a sunny garden or park, soft green background. Soft natural daylight, shallow depth of field, sharp focus on the subject, a single clear subject centered in the frame, whole subject visible, clean uncluttered composition, no text, no watermark.","A soft watercolor illustration of a two-story house with a red roof and a door for a children's picture book. Gentle pastel colors, delicate brush strokes, visible paper texture, light washes, a single subject centered with margins, a pale soft watercolor wash background, no text.","A paper cut-out collage of a two-story house with a red roof and a door, made of layered colored construction paper with simple shapes and soft paper shadows, children's craft style, a single subject centered with margins, plain light cream paper background, no text."
домик,,a tiny wooden cottage with a red roof and a chimney,"outdoors in a sunny garden or park, soft green background","A flat vector illustration of a tiny wooden cottage with a red roof and a chimney, in the style of a children's educational flashcard. Bold thick dark outline, solid flat pastel colors, simple shapes, no shading, no gradients, no shadows. A single subject centered with margins, plain pure white background, no text, no letters.","A realistic photograph of a tiny wooden cottage with a red roof and a chimney, outdoors in a sunny garden or park, soft green background. Soft natural daylight, shallow depth of field, sharp focus on the subject, a single clear subject centered in the frame, whole subject visible, clean uncluttered composition, no text, no watermark.","A soft watercolor illustration of a tiny wooden cottage with a red roof and a chimney for a children's picture book. Gentle pastel colors, delicate brush strokes, visible paper texture, light washes, a single subject centered with margins, a pale soft watercolor wash background, no text.","A paper cut-out collage of a tiny wooden cottage with a red roof and a chimney, made of layered colored construction paper with simple shapes and soft paper shadows, children's craft style, a single subject centered with margins, plain light cream paper background, no text."
дядя,,"a smiling man, full body","in a bright simple everyday setting, soft natural light, plain clothes, friendly smile, looking at the camera","A flat vector illustration of a smiling man, full body, in the style of a children's educational flashcard. Bold thick dark outline, solid flat pastel colors, simple shapes, no shading, no gradients, no shadows. A single subject centered with margins, plain pure white background, no text, no letters.","A realistic photograph of a smiling man, full body, in a bright simple everyday setting, soft natural light, plain clothes, friendly smile, looking at the camera. Soft natural daylight, shallow depth of field, sharp focus on the subject, a single clear subject centered in the frame, whole subject visible, clean uncluttered composition, no text, no watermark.","A soft watercolor illustration of a smiling man, full body for a children's picture book. Gentle pastel colors, delicate brush strokes, visible paper texture, light washes, a single subject centered with margins, a pale soft watercolor wash background, no text.","A paper cut-out collage of a smiling man, full body, made of layered colored construction paper with simple shapes and soft paper shadows, children's craft style, a single subject centered with margins, plain light cream paper background, no text."
ест,,a child sitting at a table eating soup with a spoon,"in a bright cozy home setting, full body, seen from the side","A flat vector illustration of a child sitting at a table eating soup with a spoon, in the style of a children's educational flashcard. Bold thick dark outline, solid flat pastel colors, simple shapes, no shading, no gradients, no shadows. A single subject centered with margins, plain pure white background, no text, no letters.","A realistic photograph of a child sitting at a table eating soup with a spoon, in a bright cozy home setting, full body, seen from the side. Soft natural daylight, shallow depth of field, sharp focus on the subject, a single clear subject centered in the frame, whole subject visible, clean uncluttered composition, no text, no watermark.","A soft watercolor illustration of a child sitting at a table eating soup with a spoon for a children's picture book. Gentle pastel colors, delicate brush strokes, visible paper texture, light washes, a single subject centered with margins, a pale soft watercolor wash background, no text.","A paper cut-out collage of a child sitting at a table eating soup with a spoon, made of layered colored construction paper with simple shapes and soft paper shadows, children's craft style, a single subject centered with margins, plain light cream paper background, no text."
змея,,"a green snake, friendly","in a natural outdoor setting on green grass, soft green background","A flat vector illustration of a green snake, friendly, in the style of a children's educational flashcard. Bold thick dark outline, solid flat pastel colors, simple shapes, no shading, no gradients, no shadows. A single subject centered with margins, plain pure white background, no text, no letters.","A realistic photograph of a green snake, friendly, in a natural outdoor setting on green grass, soft green background. Soft natural daylight, shallow depth of field, sharp focus on the subject, a single clear subject centered in the frame, whole subject visible, clean uncluttered composition, no text, no watermark.","A soft watercolor illustration of a green snake, friendly for a children's picture book. Gentle pastel colors, delicate brush strokes, visible paper texture, light washes, a single subject centered with margins, a pale soft watercolor wash background, no text.","A paper cut-out collage of a green snake, friendly, made of layered colored construction paper with simple shapes and soft paper shadows, children's craft style, a single subject centered with margins, plain light cream paper background, no text."
играет,,a child playing with toy blocks,"in a bright cozy home setting, full body, seen from the side","A flat vector illustration of a child playing with toy blocks, in the style of a children's educational flashcard. Bold thick dark outline, solid flat pastel colors, simple shapes, no shading, no gradients, no shadows. A single subject centered with margins, plain pure white background, no text, no letters.","A realistic photograph of a child playing with toy blocks, in a bright cozy home setting, full body, seen from the side. Soft natural daylight, shallow depth of field, sharp focus on the subject, a single clear subject centered in the frame, whole subject visible, clean uncluttered composition, no text, no watermark.","A soft watercolor illustration of a child playing with toy blocks for a children's picture book. Gentle pastel colors, delicate brush strokes, visible paper texture, light washes, a single subject centered with margins, a pale soft watercolor wash background, no text.","A paper cut-out collage of a child playing with toy blocks, made of layered colored construction paper with simple shapes and soft paper shadows, children's craft style, a single subject centered with margins, plain light cream paper background, no text."
идёт,,"a child walking, side view","in a bright cozy home setting, full body, seen from the side","A flat vector illustration of a child walking, side view, in the style of a children's educational flashcard. Bold thick dark outline, solid flat pastel colors, simple shapes, no shading, no gradients, no shadows. A single subject centered with margins, plain pure white background, no text, no letters.","A realistic photograph of a child walking, side view, in a bright cozy home setting, full body, seen from the side. Soft natural daylight, shallow depth of field, sharp focus on the subject, a single clear subject centered in the frame, whole subject visible, clean uncluttered composition, no text, no watermark.","A soft watercolor illustration of a child walking, side view for a children's picture book. Gentle pastel colors, delicate brush strokes, visible paper texture, light washes, a single subject centered with margins, a pale soft watercolor wash background, no text.","A paper cut-out collage of a child walking, side view, made of layered colored construction paper with simple shapes and soft paper shadows, children's craft style, a single subject centered with margins, plain light cream paper background, no text."
йогурт,,a yogurt cup with a spoon,"on a rustic wooden kitchen table, softly blurred kitchen behind","A flat vector illustration of a yogurt cup with a spoon, in the style of a children's educational flashcard. Bold thick dark outline, solid flat pastel colors, simple shapes, no shading, no gradients, no shadows. A single subject centered with margins, plain pure white background, no text, no letters.","A realistic photograph of a yogurt cup with a spoon, on a rustic wooden kitchen table, softly blurred kitchen behind. Soft natural daylight, shallow depth of field, sharp focus on the subject, a single clear subject centered in the frame, whole subject visible, clean uncluttered composition, no text, no watermark.","A soft watercolor illustration of a yogurt cup with a spoon for a children's picture book. Gentle pastel colors, delicate brush strokes, visible paper texture, light washes, a single subject centered with margins, a pale soft watercolor wash background, no text.","A paper cut-out collage of a yogurt cup with a spoon, made of layered colored construction paper with simple shapes and soft paper shadows, children's craft style, a single subject centered with margins, plain light cream paper background, no text."
кабачок,,one zucchini,"on a rustic wooden kitchen table, softly blurred kitchen behind","A flat vector illustration of one zucchini, in the style of a children's educational flashcard. Bold thick dark outline, solid flat pastel colors, simple shapes, no shading, no gradients, no shadows. A single subject centered with margins, plain pure white background, no text, no letters.","A realistic photograph of one zucchini, on a rustic wooden kitchen table, softly blurred kitchen behind. Soft natural daylight, shallow depth of field, sharp focus on the subject, a single clear subject centered in the frame, whole subject visible, clean uncluttered composition, no text, no watermark.","A soft watercolor illustration of one zucchini for a children's picture book. Gentle pastel colors, delicate brush strokes, visible paper texture, light washes, a single subject centered with margins, a pale soft watercolor wash background, no text.","A paper cut-out collage of one zucchini, made of layered colored construction paper with simple shapes and soft paper shadows, children's craft style, a single subject centered with margins, plain light cream paper background, no text."
кака,да,"a children's potty, front view","in a bright clean bathroom, soft daylight","A flat vector illustration of a children's potty, front view, in the style of a children's educational flashcard. Bold thick dark outline, solid flat pastel colors, simple shapes, no shading, no gradients, no shadows. A single subject centered with margins, plain pure white background, no text, no letters.","A realistic photograph of a children's potty, front view, in a bright clean bathroom, soft daylight. Soft natural daylight, shallow depth of field, sharp focus on the subject, a single clear subject centered in the frame, whole subject visible, clean uncluttered composition, no text, no watermark.","A soft watercolor illustration of a children's potty, front view for a children's picture book. Gentle pastel colors, delicate brush strokes, visible paper texture, light washes, a single subject centered with margins, a pale soft watercolor wash background, no text.","A paper cut-out collage of a children's potty, front view, made of layered colored construction paper with simple shapes and soft paper shadows, children's craft style, a single subject centered with margins, plain light cream paper background, no text."
какаду,,a white cockatoo with crest,"in a natural outdoor setting on green grass, soft green background","A flat vector illustration of a white cockatoo with crest, in the style of a children's educational flashcard. Bold thick dark outline, solid flat pastel colors, simple shapes, no shading, no gradients, no shadows. A single subject centered with margins, plain pure white background, no text, no letters.","A realistic photograph of a white cockatoo with crest, in a natural outdoor setting on green grass, soft green background. Soft natural daylight, shallow depth of field, sharp focus on the subject, a single clear subject centered in the frame, whole subject visible, clean uncluttered composition, no text, no watermark.","A soft watercolor illustration of a white cockatoo with crest for a children's picture book. Gentle pastel colors, delicate brush strokes, visible paper texture, light washes, a single subject centered with margins, a pale soft watercolor wash background, no text.","A paper cut-out collage of a white cockatoo with crest, made of layered colored construction paper with simple shapes and soft paper shadows, children's craft style, a single subject centered with margins, plain light cream paper background, no text."
какао,,a cup of cocoa,"on a rustic wooden kitchen table, softly blurred kitchen behind","A flat vector illustration of a cup of cocoa, in the style of a children's educational flashcard. Bold thick dark outline, solid flat pastel colors, simple shapes, no shading, no gradients, no shadows. A single subject centered with margins, plain pure white background, no text, no letters.","A realistic photograph of a cup of cocoa, on a rustic wooden kitchen table, softly blurred kitchen behind. Soft natural daylight, shallow depth of field, sharp focus on the subject, a single clear subject centered in the frame, whole subject visible, clean uncluttered composition, no text, no watermark.","A soft watercolor illustration of a cup of cocoa for a children's picture book. Gentle pastel colors, delicate brush strokes, visible paper texture, light washes, a single subject centered with margins, a pale soft watercolor wash background, no text.","A paper cut-out collage of a cup of cocoa, made of layered colored construction paper with simple shapes and soft paper shadows, children's craft style, a single subject centered with margins, plain light cream paper background, no text."
кактус,,a cactus in a pot,on a sunny windowsill,"A flat vector illustration of a cactus in a pot, in the style of a children's educational flashcard. Bold thick dark outline, solid flat pastel colors, simple shapes, no shading, no gradients, no shadows. A single subject centered with margins, plain pure white background, no text, no letters.","A realistic photograph of a cactus in a pot, on a sunny windowsill. Soft natural daylight, shallow depth of field, sharp focus on the subject, a single clear subject centered in the frame, whole subject visible, clean uncluttered composition, no text, no watermark.","A soft watercolor illustration of a cactus in a pot for a children's picture book. Gentle pastel colors, delicate brush strokes, visible paper texture, light washes, a single subject centered with margins, a pale soft watercolor wash background, no text.","A paper cut-out collage of a cactus in a pot, made of layered colored construction paper with simple shapes and soft paper shadows, children's craft style, a single subject centered with margins, plain light cream paper background, no text."
карандаш,,one pencil,"on a light wooden table in a bright cozy room, softly blurred room behind","A flat vector illustration of one pencil, in the style of a children's educational flashcard. Bold thick dark outline, solid flat pastel colors, simple shapes, no shading, no gradients, no shadows. A single subject centered with margins, plain pure white background, no text, no letters.","A realistic photograph of one pencil, on a light wooden table in a bright cozy room, softly blurred room behind. Soft natural daylight, shallow depth of field, sharp focus on the subject, a single clear subject centered in the frame, whole subject visible, clean uncluttered composition, no text, no watermark.","A soft watercolor illustration of one pencil for a children's picture book. Gentle pastel colors, delicate brush strokes, visible paper texture, light washes, a single subject centered with margins, a pale soft watercolor wash background, no text.","A paper cut-out collage of one pencil, made of layered colored construction paper with simple shapes and soft paper shadows, children's craft style, a single subject centered with margins, plain light cream paper background, no text."
карета,,a fairytale carriage,in a fairytale park,"A flat vector illustration of a fairytale carriage, in the style of a children's educational flashcard. Bold thick dark outline, solid flat pastel colors, simple shapes, no shading, no gradients, no shadows. A single subject centered with margins, plain pure white background, no text, no letters.","A realistic photograph of a fairytale carriage, in a fairytale park. Soft natural daylight, shallow depth of field, sharp focus on the subject, a single clear subject centered in the frame, whole subject visible, clean uncluttered composition, no text, no watermark.","A soft watercolor illustration of a fairytale carriage for a children's picture book. Gentle pastel colors, delicate brush strokes, visible paper texture, light washes, a single subject centered with margins, a pale soft watercolor wash background, no text.","A paper cut-out collage of a fairytale carriage, made of layered colored construction paper with simple shapes and soft paper shadows, children's craft style, a single subject centered with margins, plain light cream paper background, no text."
карман,да,a jacket with a big front pocket and a hand in it,"outdoors, soft background","A flat vector illustration of a jacket with a big front pocket and a hand in it, in the style of a children's educational flashcard. Bold thick dark outline, solid flat pastel colors, simple shapes, no shading, no gradients, no shadows. A single subject centered with margins, plain pure white background, no text, no letters.","A realistic photograph of a jacket with a big front pocket and a hand in it, outdoors, soft background. Soft natural daylight, shallow depth of field, sharp focus on the subject, a single clear subject centered in the frame, whole subject visible, clean uncluttered composition, no text, no watermark.","A soft watercolor illustration of a jacket with a big front pocket and a hand in it for a children's picture book. Gentle pastel colors, delicate brush strokes, visible paper texture, light washes, a single subject centered with margins, a pale soft watercolor wash background, no text.","A paper cut-out collage of a jacket with a big front pocket and a hand in it, made of layered colored construction paper with simple shapes and soft paper shadows, children's craft style, a single subject centered with margins, plain light cream paper background, no text."
касса,,a shop cash register,in a small shop,"A flat vector illustration of a shop cash register, in the style of a children's educational flashcard. Bold thick dark outline, solid flat pastel colors, simple shapes, no shading, no gradients, no shadows. A single subject centered with margins, plain pure white background, no text, no letters.","A realistic photograph of a shop cash register, in a small shop. Soft natural daylight, shallow depth of field, sharp focus on the subject, a single clear subject centered in the frame, whole subject visible, clean uncluttered composition, no text, no watermark.","A soft watercolor illustration of a shop cash register for a children's picture book. Gentle pastel colors, delicate brush strokes, visible paper texture, light washes, a single subject centered with margins, a pale soft watercolor wash background, no text.","A paper cut-out collage of a shop cash register, made of layered colored construction paper with simple shapes and soft paper shadows, children's craft style, a single subject centered with margins, plain light cream paper background, no text."
каша,,a bowl of porridge with a spoon,"on a rustic wooden kitchen table, softly blurred kitchen behind","A flat vector illustration of a bowl of porridge with a spoon, in the style of a children's educational flashcard. Bold thick dark outline, solid flat pastel colors, simple shapes, no shading, no gradients, no shadows. A single subject centered with margins, plain pure white background, no text, no letters.","A realistic photograph of a bowl of porridge with a spoon, on a rustic wooden kitchen table, softly blurred kitchen behind. Soft natural daylight, shallow depth of field, sharp focus on the subject, a single clear subject centered in the frame, whole subject visible, clean uncluttered composition, no text, no watermark.","A soft watercolor illustration of a bowl of porridge with a spoon for a children's picture book. Gentle pastel colors, delicate brush strokes, visible paper texture, light washes, a single subject centered with margins, a pale soft watercolor wash background, no text.","A paper cut-out collage of a bowl of porridge with a spoon, made of layered colored construction paper with simple shapes and soft paper shadows, children's craft style, a single subject centered with margins, plain light cream paper background, no text."
киса,,"a fluffy kitten with big eyes, front view","in a natural outdoor setting on green grass, soft green background","A flat vector illustration of a fluffy kitten with big eyes, front view, in the style of a children's educational flashcard. Bold thick dark outline, solid flat pastel colors, simple shapes, no shading, no gradients, no shadows. A single subject centered with margins, plain pure white background, no text, no letters.","A realistic photograph of a fluffy kitten with big eyes, front view, in a natural outdoor setting on green grass, soft green background. Soft natural daylight, shallow depth of field, sharp focus on the subject, a single clear subject centered in the frame, whole subject visible, clean uncluttered composition, no text, no watermark.","A soft watercolor illustration of a fluffy kitten with big eyes, front view for a children's picture book. Gentle pastel colors, delicate brush strokes, visible paper texture, light washes, a single subject centered with margins, a pale soft watercolor wash background, no text.","A paper cut-out collage of a fluffy kitten with big eyes, front view, made of layered colored construction paper with simple shapes and soft paper shadows, children's craft style, a single subject centered with margins, plain light cream paper background, no text."
киска,,a cream colored kitten lying down,"in a natural outdoor setting on green grass, soft green background","A flat vector illustration of a cream colored kitten lying down, in the style of a children's educational flashcard. Bold thick dark outline, solid flat pastel colors, simple shapes, no shading, no gradients, no shadows. A single subject centered with margins, plain pure white background, no text, no letters.","A realistic photograph of a cream colored kitten lying down, in a natural outdoor setting on green grass, soft green background. Soft natural daylight, shallow depth of field, sharp focus on the subject, a single clear subject centered in the frame, whole subject visible, clean uncluttered composition, no text, no watermark.","A soft watercolor illustration of a cream colored kitten lying down for a children's picture book. Gentle pastel colors, delicate brush strokes, visible paper texture, light washes, a single subject centered with margins, a pale soft watercolor wash background, no text.","A paper cut-out collage of a cream colored kitten lying down, made of layered colored construction paper with simple shapes and soft paper shadows, children's craft style, a single subject centered with margins, plain light cream paper background, no text."
кит,,a blue whale,swimming in the blue sea,"A flat vector illustration of a blue whale, in the style of a children's educational flashcard. Bold thick dark outline, solid flat pastel colors, simple shapes, no shading, no gradients, no shadows. A single subject centered with margins, plain pure white background, no text, no letters.","A realistic photograph of a blue whale, swimming in the blue sea. Soft natural daylight, shallow depth of field, sharp focus on the subject, a single clear subject centered in the frame, whole subject visible, clean uncluttered composition, no text, no watermark.","A soft watercolor illustration of a blue whale for a children's picture book. Gentle pastel colors, delicate brush strokes, visible paper texture, light washes, a single subject centered with margins, a pale soft watercolor wash background, no text.","A paper cut-out collage of a blue whale, made of layered colored construction paper with simple shapes and soft paper shadows, children's craft style, a single subject centered with margins, plain light cream paper background, no text."
коза,,a goat,"in a natural outdoor setting on green grass, soft green background","A flat vector illustration of a goat, in the style of a children's educational flashcard. Bold thick dark outline, solid flat pastel colors, simple shapes, no shading, no gradients, no shadows. A single subject centered with margins, plain pure white background, no text, no letters.","A realistic photograph of a goat, in a natural outdoor setting on green grass, soft green background. Soft natural daylight, shallow depth of field, sharp focus on the subject, a single clear subject centered in the frame, whole subject visible, clean uncluttered composition, no text, no watermark.","A soft watercolor illustration of a goat for a children's picture book. Gentle pastel colors, delicate brush strokes, visible paper texture, light washes, a single subject centered with margins, a pale soft watercolor wash background, no text.","A paper cut-out collage of a goat, made of layered colored construction paper with simple shapes and soft paper shadows, children's craft style, a single subject centered with margins, plain light cream paper background, no text."
компот,,a glass of fruit compote,"on a rustic wooden kitchen table, softly blurred kitchen behind","A flat vector illustration of a glass of fruit compote, in the style of a children's educational flashcard. Bold thick dark outline, solid flat pastel colors, simple shapes, no shading, no gradients, no shadows. A single subject centered with margins, plain pure white background, no text, no letters.","A realistic photograph of a glass of fruit compote, on a rustic wooden kitchen table, softly blurred kitchen behind. Soft natural daylight, shallow depth of field, sharp focus on the subject, a single clear subject centered in the frame, whole subject visible, clean uncluttered composition, no text, no watermark.","A soft watercolor illustration of a glass of fruit compote for a children's picture book. Gentle pastel colors, delicate brush strokes, visible paper texture, light washes, a single subject centered with margins, a pale soft watercolor wash background, no text.","A paper cut-out collage of a glass of fruit compote, made of layered colored construction paper with simple shapes and soft paper shadows, children's craft style, a single subject centered with margins, plain light cream paper background, no text."
конверт,,an envelope,"on a light wooden table in a bright cozy room, softly blurred room behind","A flat vector illustration of an envelope, in the style of a children's educational flashcard. Bold thick dark outline, solid flat pastel colors, simple shapes, no shading, no gradients, no shadows. A single subject centered with margins, plain pure white background, no text, no letters.","A realistic photograph of an envelope, on a light wooden table in a bright cozy room, softly blurred room behind. Soft natural daylight, shallow depth of field, sharp focus on the subject, a single clear subject centered in the frame, whole subject visible, clean uncluttered composition, no text, no watermark.","A soft watercolor illustration of an envelope for a children's picture book. Gentle pastel colors, delicate brush strokes, visible paper texture, light washes, a single subject centered with margins, a pale soft watercolor wash background, no text.","A paper cut-out collage of an envelope, made of layered colored construction paper with simple shapes and soft paper shadows, children's craft style, a single subject centered with margins, plain light cream paper background, no text."
конфета,,a wrapped candy,"on a rustic wooden kitchen table, softly blurred kitchen behind","A flat vector illustration of a wrapped candy, in the style of a children's educational flashcard. Bold thick dark outline, solid flat pastel colors, simple shapes, no shading, no gradients, no shadows. A single subject centered with margins, plain pure white background, no text, no letters.","A realistic photograph of a wrapped candy, on a rustic wooden kitchen table, softly blurred kitchen behind. Soft natural daylight, shallow depth of field, sharp focus on the subject, a single clear subject centered in the frame, whole subject visible, clean uncluttered composition, no text, no watermark.","A soft watercolor illustration of a wrapped candy for a children's picture book. Gentle pastel colors, delicate brush strokes, visible paper texture, light washes, a single subject centered with margins, a pale soft watercolor wash background, no text.","A paper cut-out collage of a wrapped candy, made of layered colored construction paper with simple shapes and soft paper shadows, children's craft style, a single subject centered with margins, plain light cream paper background, no text."
корабль,,a ship with sails,on a calm blue sea,"A flat vector illustration of a ship with sails, in the style of a children's educational flashcard. Bold thick dark outline, solid flat pastel colors, simple shapes, no shading, no gradients, no shadows. A single subject centered with margins, plain pure white background, no text, no letters.","A realistic photograph of a ship with sails, on a calm blue sea. Soft natural daylight, shallow depth of field, sharp focus on the subject, a single clear subject centered in the frame, whole subject visible, clean uncluttered composition, no text, no watermark.","A soft watercolor illustration of a ship with sails for a children's picture book. Gentle pastel colors, delicate brush strokes, visible paper texture, light washes, a single subject centered with margins, a pale soft watercolor wash background, no text.","A paper cut-out collage of a ship with sails, made of layered colored construction paper with simple shapes and soft paper shadows, children's craft style, a single subject centered with margins, plain light cream paper background, no text."
коридор,да,a long empty hallway with several doors,a bright apartment,"A flat vector illustration of a long empty hallway with several doors, in the style of a children's educational flashcard. Bold thick dark outline, solid flat pastel colors, simple shapes, no shading, no gradients, no shadows. A single subject centered with margins, plain pure white background, no text, no letters.","A realistic photograph of a long empty hallway with several doors, a bright apartment. Soft natural daylight, shallow depth of field, sharp focus on the subject, a single clear subject centered in the frame, whole subject visible, clean uncluttered composition, no text, no watermark.","A soft watercolor illustration of a long empty hallway with several doors for a children's picture book. Gentle pastel colors, delicate brush strokes, visible paper texture, light washes, a single subject centered with margins, a pale soft watercolor wash background, no text.","A paper cut-out collage of a long empty hallway with several doors, made of layered colored construction paper with simple shapes and soft paper shadows, children's craft style, a single subject centered with margins, plain light cream paper background, no text."
корка,да,the crusty end of a loaf of bread,"on a rustic wooden kitchen table, softly blurred kitchen behind","A flat vector illustration of the crusty end of a loaf of bread, in the style of a children's educational flashcard. Bold thick dark outline, solid flat pastel colors, simple shapes, no shading, no gradients, no shadows. A single subject centered with margins, plain pure white background, no text, no letters.","A realistic photograph of the crusty end of a loaf of bread, on a rustic wooden kitchen table, softly blurred kitchen behind. Soft natural daylight, shallow depth of field, sharp focus on the subject, a single clear subject centered in the frame, whole subject visible, clean uncluttered composition, no text, no watermark.","A soft watercolor illustration of the crusty end of a loaf of bread for a children's picture book. Gentle pastel colors, delicate brush strokes, visible paper texture, light washes, a single subject centered with margins, a pale soft watercolor wash background, no text.","A paper cut-out collage of the crusty end of a loaf of bread, made of layered colored construction paper with simple shapes and soft paper shadows, children's craft style, a single subject centered with margins, plain light cream paper background, no text."
короб,,a wicker box,"on a light wooden table in a bright cozy room, softly blurred room behind","A flat vector illustration of a wicker box, in the style of a children's educational flashcard. Bold thick dark outline, solid flat pastel colors, simple shapes, no shading, no gradients, no shadows. A single subject centered with margins, plain pure white background, no text, no letters.","A realistic photograph of a wicker box, on a light wooden table in a bright cozy room, softly blurred room behind. Soft natural daylight, shallow depth of field, sharp focus on the subject, a single clear subject centered in the frame, whole subject visible, clean uncluttered composition, no text, no watermark.","A soft watercolor illustration of a wicker box for a children's picture book. Gentle pastel colors, delicate brush strokes, visible paper texture, light washes, a single subject centered with margins, a pale soft watercolor wash background, no text.","A paper cut-out collage of a wicker box, made of layered colored construction paper with simple shapes and soft paper shadows, children's craft style, a single subject centered with margins, plain light cream paper background, no text."
корова,,a cow,"in a natural outdoor setting on green grass, soft green background","A flat vector illustration of a cow, in the style of a children's educational flashcard. Bold thick dark outline, solid flat pastel colors, simple shapes, no shading, no gradients, no shadows. A single subject centered with margins, plain pure white background, no text, no letters.","A realistic photograph of a cow, in a natural outdoor setting on green grass, soft green background. Soft natural daylight, shallow depth of field, sharp focus on the subject, a single clear subject centered in the frame, whole subject visible, clean uncluttered composition, no text, no watermark.","A soft watercolor illustration of a cow for a children's picture book. Gentle pastel colors, delicate brush strokes, visible paper texture, light washes, a single subject centered with margins, a pale soft watercolor wash background, no text.","A paper cut-out collage of a cow, made of layered colored construction paper with simple shapes and soft paper shadows, children's craft style, a single subject centered with margins, plain light cream paper background, no text."
коса,,a girl with a long braid,"in a bright simple everyday setting, soft natural light, plain clothes, friendly smile, looking at the camera","A flat vector illustration of a girl with a long braid, in the style of a children's educational flashcard. Bold thick dark outline, solid flat pastel colors, simple shapes, no shading, no gradients, no shadows. A single subject centered with margins, plain pure white background, no text, no letters.","A realistic photograph of a girl with a long braid, in a bright simple everyday setting, soft natural light, plain clothes, friendly smile, looking at the camera. Soft natural daylight, shallow depth of field, sharp focus on the subject, a single clear subject centered in the frame, whole subject visible, clean uncluttered composition, no text, no watermark.","A soft watercolor illustration of a girl with a long braid for a children's picture book. Gentle pastel colors, delicate brush strokes, visible paper texture, light washes, a single subject centered with margins, a pale soft watercolor wash background, no text.","A paper cut-out collage of a girl with a long braid, made of layered colored construction paper with simple shapes and soft paper shadows, children's craft style, a single subject centered with margins, plain light cream paper background, no text."
костюм,,a suit jacket,hanging in a bright room,"A flat vector illustration of a suit jacket, in the style of a children's educational flashcard. Bold thick dark outline, solid flat pastel colors, simple shapes, no shading, no gradients, no shadows. A single subject centered with margins, plain pure white background, no text, no letters.","A realistic photograph of a suit jacket, hanging in a bright room. Soft natural daylight, shallow depth of field, sharp focus on the subject, a single clear subject centered in the frame, whole subject visible, clean uncluttered composition, no text, no watermark.","A soft watercolor illustration of a suit jacket for a children's picture book. Gentle pastel colors, delicate brush strokes, visible paper texture, light washes, a single subject centered with margins, a pale soft watercolor wash background, no text.","A paper cut-out collage of a suit jacket, made of layered colored construction paper with simple shapes and soft paper shadows, children's craft style, a single subject centered with margins, plain light cream paper background, no text."
кот,,"a ginger tabby cat sitting, front view","in a natural outdoor setting on green grass, soft green background","A flat vector illustration of a ginger tabby cat sitting, front view, in the style of a children's educational flashcard. Bold thick dark outline, solid flat pastel colors, simple shapes, no shading, no gradients, no shadows. A single subject centered with margins, plain pure white background, no text, no letters.","A realistic photograph of a ginger tabby cat sitting, front view, in a natural outdoor setting on green grass, soft green background. Soft natural daylight, shallow depth of field, sharp focus on the subject, a single clear subject centered in the frame, whole subject visible, clean uncluttered composition, no text, no watermark.","A soft watercolor illustration of a ginger tabby cat sitting, front view for a children's picture book. Gentle pastel colors, delicate brush strokes, visible paper texture, light washes, a single subject centered with margins, a pale soft watercolor wash background, no text.","A paper cut-out collage of a ginger tabby cat sitting, front view, made of layered colored construction paper with simple shapes and soft paper shadows, children's craft style, a single subject centered with margins, plain light cream paper background, no text."
котик,,"a small grey cat with white paws sitting, front view","in a natural outdoor setting on green grass, soft green background","A flat vector illustration of a small grey cat with white paws sitting, front view, in the style of a children's educational flashcard. Bold thick dark outline, solid flat pastel colors, simple shapes, no shading, no gradients, no shadows. A single subject centered with margins, plain pure white background, no text, no letters.","A realistic photograph of a small grey cat with white paws sitting, front view, in a natural outdoor setting on green grass, soft green background. Soft natural daylight, shallow depth of field, sharp focus on the subject, a single clear subject centered in the frame, whole subject visible, clean uncluttered composition, no text, no watermark.","A soft watercolor illustration of a small grey cat with white paws sitting, front view for a children's picture book. Gentle pastel colors, delicate brush strokes, visible paper texture, light washes, a single subject centered with margins, a pale soft watercolor wash background, no text.","A paper cut-out collage of a small grey cat with white paws sitting, front view, made of layered colored construction paper with simple shapes and soft paper shadows, children's craft style, a single subject centered with margins, plain light cream paper background, no text."
кошка,,"a black and white cat sitting, side view","in a natural outdoor setting on green grass, soft green background","A flat vector illustration of a black and white cat sitting, side view, in the style of a children's educational flashcard. Bold thick dark outline, solid flat pastel colors, simple shapes, no shading, no gradients, no shadows. A single subject centered with margins, plain pure white background, no text, no letters.","A realistic photograph of a black and white cat sitting, side view, in a natural outdoor setting on green grass, soft green background. Soft natural daylight, shallow depth of field, sharp focus on the subject, a single clear subject centered in the frame, whole subject visible, clean uncluttered composition, no text, no watermark.","A soft watercolor illustration of a black and white cat sitting, side view for a children's picture book. Gentle pastel colors, delicate brush strokes, visible paper texture, light washes, a single subject centered with margins, a pale soft watercolor wash background, no text.","A paper cut-out collage of a black and white cat sitting, side view, made of layered colored construction paper with simple shapes and soft paper shadows, children's craft style, a single subject centered with margins, plain light cream paper background, no text."
крокодил,,a friendly green crocodile,"in a natural outdoor setting on green grass, soft green background","A flat vector illustration of a friendly green crocodile, in the style of a children's educational flashcard. Bold thick dark outline, solid flat pastel colors, simple shapes, no shading, no gradients, no shadows. A single subject centered with margins, plain pure white background, no text, no letters.","A realistic photograph of a friendly green crocodile, in a natural outdoor setting on green grass, soft green background. Soft natural daylight, shallow depth of field, sharp focus on the subject, a single clear subject centered in the frame, whole subject visible, clean uncluttered composition, no text, no watermark.","A soft watercolor illustration of a friendly green crocodile for a children's picture book. Gentle pastel colors, delicate brush strokes, visible paper texture, light washes, a single subject centered with margins, a pale soft watercolor wash background, no text.","A paper cut-out collage of a friendly green crocodile, made of layered colored construction paper with simple shapes and soft paper shadows, children's craft style, a single subject centered with margins, plain light cream paper background, no text."
крыса,,a grey rat,"in a natural outdoor setting on green grass, soft green background","A flat vector illustration of a grey rat, in the style of a children's educational flashcard. Bold thick dark outline, solid flat pastel colors, simple shapes, no shading, no gradients, no shadows. A single subject centered with margins, plain pure white background, no text, no letters.","A realistic photograph of a grey rat, in a natural outdoor setting on green grass, soft green background. Soft natural daylight, shallow depth of field, sharp focus on the subject, a single clear subject centered in the frame, whole subject visible, clean uncluttered composition, no text, no watermark.","A soft watercolor illustration of a grey rat for a children's picture book. Gentle pastel colors, delicate brush strokes, visible paper texture, light washes, a single subject centered with margins, a pale soft watercolor wash background, no text.","A paper cut-out collage of a grey rat, made of layered colored construction paper with simple shapes and soft paper shadows, children's craft style, a single subject centered with margins, plain light cream paper background, no text."
кукуруза,,a corn cob,"on a rustic wooden kitchen table, softly blurred kitchen behind","A flat vector illustration of a corn cob, in the style of a children's educational flashcard. Bold thick dark outline, solid flat pastel colors, simple shapes, no shading, no gradients, no shadows. A single subject centered with margins, plain pure white background, no text, no letters.","A realistic photograph of a corn cob, on a rustic wooden kitchen table, softly blurred kitchen behind. Soft natural daylight, shallow depth of field, sharp focus on the subject, a single clear subject centered in the frame, whole subject visible, clean uncluttered composition, no text, no watermark.","A soft watercolor illustration of a corn cob for a children's picture book. Gentle pastel colors, delicate brush strokes, visible paper texture, light washes, a single subject centered with margins, a pale soft watercolor wash background, no text.","A paper cut-out collage of a corn cob, made of layered colored construction paper with simple shapes and soft paper shadows, children's craft style, a single subject centered with margins, plain light cream paper background, no text."
куст,,a green bush,"outdoors in a sunny garden or park, soft green background","A flat vector illustration of a green bush, in the style of a children's educational flashcard. Bold thick dark outline, solid flat pastel colors, simple shapes, no shading, no gradients, no shadows. A single subject centered with margins, plain pure white background, no text, no letters.","A realistic photograph of a green bush, outdoors in a sunny garden or park, soft green background. Soft natural daylight, shallow depth of field, sharp focus on the subject, a single clear subject centered in the frame, whole subject visible, clean uncluttered composition, no text, no watermark.","A soft watercolor illustration of a green bush for a children's picture book. Gentle pastel colors, delicate brush strokes, visible paper texture, light washes, a single subject centered with margins, a pale soft watercolor wash background, no text.","A paper cut-out collage of a green bush, made of layered colored construction paper with simple shapes and soft paper shadows, children's craft style, a single subject centered with margins, plain light cream paper background, no text."
лампа,,a table lamp,on a bedside table,"A flat vector illustration of a table lamp, in the style of a children's educational flashcard. Bold thick dark outline, solid flat pastel colors, simple shapes, no shading, no gradients, no shadows. A single subject centered with margins, plain pure white background, no text, no letters.","A realistic photograph of a table lamp, on a bedside table. Soft natural daylight, shallow depth of field, sharp focus on the subject, a single clear subject centered in the frame, whole subject visible, clean uncluttered composition, no text, no watermark.","A soft watercolor illustration of a table lamp for a children's picture book. Gentle pastel colors, delicate brush strokes, visible paper texture, light washes, a single subject centered with margins, a pale soft watercolor wash background, no text.","A paper cut-out collage of a table lamp, made of layered colored construction paper with simple shapes and soft paper shadows, children's craft style, a single subject centered with margins, plain light cream paper background, no text."
лес,,a few green trees in a forest,a sunny forest,"A flat vector illustration of a few green trees in a forest, in the style of a children's educational flashcard. Bold thick dark outline, solid flat pastel colors, simple shapes, no shading, no gradients, no shadows. A single subject centered with margins, plain pure white background, no text, no letters.","A realistic photograph of a few green trees in a forest, a sunny forest. Soft natural daylight, shallow depth of field, sharp focus on the subject, a single clear subject centered in the frame, whole subject visible, clean uncluttered composition, no text, no watermark.","A soft watercolor illustration of a few green trees in a forest for a children's picture book. Gentle pastel colors, delicate brush strokes, visible paper texture, light washes, a single subject centered with margins, a pale soft watercolor wash background, no text.","A paper cut-out collage of a few green trees in a forest, made of layered colored construction paper with simple shapes and soft paper shadows, children's craft style, a single subject centered with margins, plain light cream paper background, no text."
лист,,a green leaf,on the ground in a park,"A flat vector illustration of a green leaf, in the style of a children's educational flashcard. Bold thick dark outline, solid flat pastel colors, simple shapes, no shading, no gradients, no shadows. A single subject centered with margins, plain pure white background, no text, no letters.","A realistic photograph of a green leaf, on the ground in a park. Soft natural daylight, shallow depth of field, sharp focus on the subject, a single clear subject centered in the frame, whole subject visible, clean uncluttered composition, no text, no watermark.","A soft watercolor illustration of a green leaf for a children's picture book. Gentle pastel colors, delicate brush strokes, visible paper texture, light washes, a single subject centered with margins, a pale soft watercolor wash background, no text.","A paper cut-out collage of a green leaf, made of layered colored construction paper with simple shapes and soft paper shadows, children's craft style, a single subject centered with margins, plain light cream paper background, no text."
лук,,an onion,"on a rustic wooden kitchen table, softly blurred kitchen behind","A flat vector illustration of an onion, in the style of a children's educational flashcard. Bold thick dark outline, solid flat pastel colors, simple shapes, no shading, no gradients, no shadows. A single subject centered with margins, plain pure white background, no text, no letters.","A realistic photograph of an onion, on a rustic wooden kitchen table, softly blurred kitchen behind. Soft natural daylight, shallow depth of field, sharp focus on the subject, a single clear subject centered in the frame, whole subject visible, clean uncluttered composition, no text, no watermark.","A soft watercolor illustration of an onion for a children's picture book. Gentle pastel colors, delicate brush strokes, visible paper texture, light washes, a single subject centered with margins, a pale soft watercolor wash background, no text.","A paper cut-out collage of an onion, made of layered colored construction paper with simple shapes and soft paper shadows, children's craft style, a single subject centered with margins, plain light cream paper background, no text."
ляля,,a baby doll,"on a light wooden table in a bright cozy room, softly blurred room behind","A flat vector illustration of a baby doll, in the style of a children's educational flashcard. Bold thick dark outline, solid flat pastel colors, simple shapes, no shading, no gradients, no shadows. A single subject centered with margins, plain pure white background, no text, no letters.","A realistic photograph of a baby doll, on a light wooden table in a bright cozy room, softly blurred room behind. Soft natural daylight, shallow depth of field, sharp focus on the subject, a single clear subject centered in the frame, whole subject visible, clean uncluttered composition, no text, no watermark.","A soft watercolor illustration of a baby doll for a children's picture book. Gentle pastel colors, delicate brush strokes, visible paper texture, light washes, a single subject centered with margins, a pale soft watercolor wash background, no text.","A paper cut-out collage of a baby doll, made of layered colored construction paper with simple shapes and soft paper shadows, children's craft style, a single subject centered with margins, plain light cream paper background, no text."
макака,,a monkey,"in a natural outdoor setting on green grass, soft green background","A flat vector illustration of a monkey, in the style of a children's educational flashcard. Bold thick dark outline, solid flat pastel colors, simple shapes, no shading, no gradients, no shadows. A single subject centered with margins, plain pure white background, no text, no letters.","A realistic photograph of a monkey, in a natural outdoor setting on green grass, soft green background. Soft natural daylight, shallow depth of field, sharp focus on the subject, a single clear subject centered in the frame, whole subject visible, clean uncluttered composition, no text, no watermark.","A soft watercolor illustration of a monkey for a children's picture book. Gentle pastel colors, delicate brush strokes, visible paper texture, light washes, a single subject centered with margins, a pale soft watercolor wash background, no text.","A paper cut-out collage of a monkey, made of layered colored construction paper with simple shapes and soft paper shadows, children's craft style, a single subject centered with margins, plain light cream paper background, no text."
малина,,raspberries,"on a rustic wooden kitchen table, softly blurred kitchen behind","A flat vector illustration of raspberries, in the style of a children's educational flashcard. Bold thick dark outline, solid flat pastel colors, simple shapes, no shading, no gradients, no shadows. A single subject centered with margins, plain pure white background, no text, no letters.","A realistic photograph of raspberries, on a rustic wooden kitchen table, softly blurred kitchen behind. Soft natural daylight, shallow depth of field, sharp focus on the subject, a single clear subject centered in the frame, whole subject visible, clean uncluttered composition, no text, no watermark.","A soft watercolor illustration of raspberries for a children's picture book. Gentle pastel colors, delicate brush strokes, visible paper texture, light washes, a single subject centered with margins, a pale soft watercolor wash background, no text.","A paper cut-out collage of raspberries, made of layered colored construction paper with simple shapes and soft paper shadows, children's craft style, a single subject centered with margins, plain light cream paper background, no text."
мама,,"a smiling mother with shoulder-length hair, full body","in a bright simple everyday setting, soft natural light, plain clothes, friendly smile, looking at the camera","A flat vector illustration of a smiling mother with shoulder-length hair, full body, in the style of a children's educational flashcard. Bold thick dark outline, solid flat pastel colors, simple shapes, no shading, no gradients, no shadows. A single subject centered with margins, plain pure white background, no text, no letters.","A realistic photograph of a smiling mother with shoulder-length hair, full body, in a bright simple everyday setting, soft natural light, plain clothes, friendly smile, looking at the camera. Soft natural daylight, shallow depth of field, sharp focus on the subject, a single clear subject centered in the frame, whole subject visible, clean uncluttered composition, no text, no watermark.","A soft watercolor illustration of a smiling mother with shoulder-length hair, full body for a children's picture book. Gentle pastel colors, delicate brush strokes, visible paper texture, light washes, a single subject centered with margins, a pale soft watercolor wash background, no text.","A paper cut-out collage of a smiling mother with shoulder-length hair, full body, made of layered colored construction paper with simple shapes and soft paper shadows, children's craft style, a single subject centered with margins, plain light cream paper background, no text."
мамочка,,a smiling mother hugging a small child,"in a bright simple everyday setting, soft natural light, plain clothes, friendly smile, looking at the camera","A flat vector illustration of a smiling mother hugging a small child, in the style of a children's educational flashcard. Bold thick dark outline, solid flat pastel colors, simple shapes, no shading, no gradients, no shadows. A single subject centered with margins, plain pure white background, no text, no letters.","A realistic photograph of a smiling mother hugging a small child, in a bright simple everyday setting, soft natural light, plain clothes, friendly smile, looking at the camera. Soft natural daylight, shallow depth of field, sharp focus on the subject, a single clear subject centered in the frame, whole subject visible, clean uncluttered composition, no text, no watermark.","A soft watercolor illustration of a smiling mother hugging a small child for a children's picture book. Gentle pastel colors, delicate brush strokes, visible paper texture, light washes, a single subject centered with margins, a pale soft watercolor wash background, no text.","A paper cut-out collage of a smiling mother hugging a small child, made of layered colored construction paper with simple shapes and soft paper shadows, children's craft style, a single subject centered with margins, plain light cream paper background, no text."
мармелад,,colorful gummy candies,"on a rustic wooden kitchen table, softly blurred kitchen behind","A flat vector illustration of colorful gummy candies, in the style of a children's educational flashcard. Bold thick dark outline, solid flat pastel colors, simple shapes, no shading, no gradients, no shadows. A single subject centered with margins, plain pure white background, no text, no letters.","A realistic photograph of colorful gummy candies, on a rustic wooden kitchen table, softly blurred kitchen behind. Soft natural daylight, shallow depth of field, sharp focus on the subject, a single clear subject centered in the frame, whole subject visible, clean uncluttered composition, no text, no watermark.","A soft watercolor illustration of colorful gummy candies for a children's picture book. Gentle pastel colors, delicate brush strokes, visible paper texture, light washes, a single subject centered with margins, a pale soft watercolor wash background, no text.","A paper cut-out collage of colorful gummy candies, made of layered colored construction paper with simple shapes and soft paper shadows, children's craft style, a single subject centered with margins, plain light cream paper background, no text."
машина,,"a small red car, side view","outdoors on a quiet sunny street or in its natural setting, softly blurred background","A flat vector illustration of a small red car, side view, in the style of a children's educational flashcard. Bold thick dark outline, solid flat pastel colors, simple shapes, no shading, no gradients, no shadows. A single subject centered with margins, plain pure white background, no text, no letters.","A realistic photograph of a small red car, side view, outdoors on a quiet sunny street or in its natural setting, softly blurred background. Soft natural daylight, shallow depth of field, sharp focus on the subject, a single clear subject centered in the frame, whole subject visible, clean uncluttered composition, no text, no watermark.","A soft watercolor illustration of a small red car, side view for a children's picture book. Gentle pastel colors, delicate brush strokes, visible paper texture, light washes, a single subject centered with margins, a pale soft watercolor wash background, no text.","A paper cut-out collage of a small red car, side view, made of layered colored construction paper with simple shapes and soft paper shadows, children's craft style, a single subject centered with margins, plain light cream paper background, no text."
мед,,a honey jar with a dipper,"on a rustic wooden kitchen table, softly blurred kitchen behind","A flat vector illustration of a honey jar with a dipper, in the style of a children's educational flashcard. Bold thick dark outline, solid flat pastel colors, simple shapes, no shading, no gradients, no shadows. A single subject centered with margins, plain pure white background, no text, no letters.","A realistic photograph of a honey jar with a dipper, on a rustic wooden kitchen table, softly blurred kitchen behind. Soft natural daylight, shallow depth of field, sharp focus on the subject, a single clear subject centered in the frame, whole subject visible, clean uncluttered composition, no text, no watermark.","A soft watercolor illustration of a honey jar with a dipper for a children's picture book. Gentle pastel colors, delicate brush strokes, visible paper texture, light washes, a single subject centered with margins, a pale soft watercolor wash background, no text.","A paper cut-out collage of a honey jar with a dipper, made of layered colored construction paper with simple shapes and soft paper shadows, children's craft style, a single subject centered with margins, plain light cream paper background, no text."
миска,,a bowl,"on a wooden kitchen table, softly blurred kitchen behind","A flat vector illustration of a bowl, in the style of a children's educational flashcard. Bold thick dark outline, solid flat pastel colors, simple shapes, no shading, no gradients, no shadows. A single subject centered with margins, plain pure white background, no text, no letters.","A realistic photograph of a bowl, on a wooden kitchen table, softly blurred kitchen behind. Soft natural daylight, shallow depth of field, sharp focus on the subject, a single clear subject centered in the frame, whole subject visible, clean uncluttered composition, no text, no watermark.","A soft watercolor illustration of a bowl for a children's picture book. Gentle pastel colors, delicate brush strokes, visible paper texture, light washes, a single subject centered with margins, a pale soft watercolor wash background, no text.","A paper cut-out collage of a bowl, made of layered colored construction paper with simple shapes and soft paper shadows, children's craft style, a single subject centered with margins, plain light cream paper background, no text."
моется,,a child washing hands at a sink,"in a bright cozy home setting, full body, seen from the side","A flat vector illustration of a child washing hands at a sink, in the style of a children's educational flashcard. Bold thick dark outline, solid flat pastel colors, simple shapes, no shading, no gradients, no shadows. A single subject centered with margins, plain pure white background, no text, no letters.","A realistic photograph of a child washing hands at a sink, in a bright cozy home setting, full body, seen from the side. Soft natural daylight, shallow depth of field, sharp focus on the subject, a single clear subject centered in the frame, whole subject visible, clean uncluttered composition, no text, no watermark.","A soft watercolor illustration of a child washing hands at a sink for a children's picture book. Gentle pastel colors, delicate brush strokes, visible paper texture, light washes, a single subject centered with margins, a pale soft watercolor wash background, no text.","A paper cut-out collage of a child washing hands at a sink, made of layered colored construction paper with simple shapes and soft paper shadows, children's craft style, a single subject centered with margins, plain light cream paper background, no text."
молоко,,a bottle of milk,"on a rustic wooden kitchen table, softly blurred kitchen behind","A flat vector illustration of a bottle of milk, in the style of a children's educational flashcard. Bold thick dark outline, solid flat pastel colors, simple shapes, no shading, no gradients, no shadows. A single subject centered with margins, plain pure white background, no text, no letters.","A realistic photograph of a bottle of milk, on a rustic wooden kitchen table, softly blurred kitchen behind. Soft natural daylight, shallow depth of field, sharp focus on the subject, a single clear subject centered in the frame, whole subject visible, clean uncluttered composition, no text, no watermark.","A soft watercolor illustration of a bottle of milk for a children's picture book. Gentle pastel colors, delicate brush strokes, visible paper texture, light washes, a single subject centered with margins, a pale soft watercolor wash background, no text.","A paper cut-out collage of a bottle of milk, made of layered colored construction paper with simple shapes and soft paper shadows, children's craft style, a single subject centered with margins, plain light cream paper background, no text."
молоток,,a hammer,"on a light wooden table in a bright cozy room, softly blurred room behind","A flat vector illustration of a hammer, in the style of a children's educational flashcard. Bold thick dark outline, solid flat pastel colors, simple shapes, no shading, no gradients, no shadows. A single subject centered with margins, plain pure white background, no text, no letters.","A realistic photograph of a hammer, on a light wooden table in a bright cozy room, softly blurred room behind. Soft natural daylight, shallow depth of field, sharp focus on the subject, a single clear subject centered in the frame, whole subject visible, clean uncluttered composition, no text, no watermark.","A soft watercolor illustration of a hammer for a children's picture book. Gentle pastel colors, delicate brush strokes, visible paper texture, light washes, a single subject centered with margins, a pale soft watercolor wash background, no text.","A paper cut-out collage of a hammer, made of layered colored construction paper with simple shapes and soft paper shadows, children's craft style, a single subject centered with margins, plain light cream paper background, no text."
морковь,,one carrot,"on a rustic wooden kitchen table, softly blurred kitchen behind","A flat vector illustration of one carrot, in the style of a children's educational flashcard. Bold thick dark outline, solid flat pastel colors, simple shapes, no shading, no gradients, no shadows. A single subject centered with margins, plain pure white background, no text, no letters.","A realistic photograph of one carrot, on a rustic wooden kitchen table, softly blurred kitchen behind. Soft natural daylight, shallow depth of field, sharp focus on the subject, a single clear subject centered in the frame, whole subject visible, clean uncluttered composition, no text, no watermark.","A soft watercolor illustration of one carrot for a children's picture book. Gentle pastel colors, delicate brush strokes, visible paper texture, light washes, a single subject centered with margins, a pale soft watercolor wash background, no text.","A paper cut-out collage of one carrot, made of layered colored construction paper with simple shapes and soft paper shadows, children's craft style, a single subject centered with margins, plain light cream paper background, no text."
мост,,a simple bridge over water,over a calm river in a green park,"A flat vector illustration of a simple bridge over water, in the style of a children's educational flashcard. Bold thick dark outline, solid flat pastel colors, simple shapes, no shading, no gradients, no shadows. A single subject centered with margins, plain pure white background, no text, no letters.","A realistic photograph of a simple bridge over water, over a calm river in a green park. Soft natural daylight, shallow depth of field, sharp focus on the subject, a single clear subject centered in the frame, whole subject visible, clean uncluttered composition, no text, no watermark.","A soft watercolor illustration of a simple bridge over water for a children's picture book. Gentle pastel colors, delicate brush strokes, visible paper texture, light washes, a single subject centered with margins, a pale soft watercolor wash background, no text.","A paper cut-out collage of a simple bridge over water, made of layered colored construction paper with simple shapes and soft paper shadows, children's craft style, a single subject centered with margins, plain light cream paper background, no text."
мошка,,"a small fly insect, enlarged, side view",on a green leaf,"A flat vector illustration of a small fly insect, enlarged, side view, in the style of a children's educational flashcard. Bold thick dark outline, solid flat pastel colors, simple shapes, no shading, no gradients, no shadows. A single subject centered with margins, plain pure white background, no text, no letters.","A realistic photograph of a small fly insect, enlarged, side view, on a green leaf. Soft natural daylight, shallow depth of field, sharp focus on the subject, a single clear subject centered in the frame, whole subject visible, clean uncluttered composition, no text, no watermark.","A soft watercolor illustration of a small fly insect, enlarged, side view for a children's picture book. Gentle pastel colors, delicate brush strokes, visible paper texture, light washes, a single subject centered with margins, a pale soft watercolor wash background, no text.","A paper cut-out collage of a small fly insect, enlarged, side view, made of layered colored construction paper with simple shapes and soft paper shadows, children's craft style, a single subject centered with margins, plain light cream paper background, no text."
мышка,,a cute mouse,"in a natural outdoor setting on green grass, soft green background","A flat vector illustration of a cute mouse, in the style of a children's educational flashcard. Bold thick dark outline, solid flat pastel colors, simple shapes, no shading, no gradients, no shadows. A single subject centered with margins, plain pure white background, no text, no letters.","A realistic photograph of a cute mouse, in a natural outdoor setting on green grass, soft green background. Soft natural daylight, shallow depth of field, sharp focus on the subject, a single clear subject centered in the frame, whole subject visible, clean uncluttered composition, no text, no watermark.","A soft watercolor illustration of a cute mouse for a children's picture book. Gentle pastel colors, delicate brush strokes, visible paper texture, light washes, a single subject centered with margins, a pale soft watercolor wash background, no text.","A paper cut-out collage of a cute mouse, made of layered colored construction paper with simple shapes and soft paper shadows, children's craft style, a single subject centered with margins, plain light cream paper background, no text."
мясо,,a piece of meat on a plate,"on a rustic wooden kitchen table, softly blurred kitchen behind","A flat vector illustration of a piece of meat on a plate, in the style of a children's educational flashcard. Bold thick dark outline, solid flat pastel colors, simple shapes, no shading, no gradients, no shadows. A single subject centered with margins, plain pure white background, no text, no letters.","A realistic photograph of a piece of meat on a plate, on a rustic wooden kitchen table, softly blurred kitchen behind. Soft natural daylight, shallow depth of field, sharp focus on the subject, a single clear subject centered in the frame, whole subject visible, clean uncluttered composition, no text, no watermark.","A soft watercolor illustration of a piece of meat on a plate for a children's picture book. Gentle pastel colors, delicate brush strokes, visible paper texture, light washes, a single subject centered with margins, a pale soft watercolor wash background, no text.","A paper cut-out collage of a piece of meat on a plate, made of layered colored construction paper with simple shapes and soft paper shadows, children's craft style, a single subject centered with margins, plain light cream paper background, no text."
мяч,,a large striped beach ball,"outdoors on green grass in a sunny park, soft background","A flat vector illustration of a large striped beach ball, in the style of a children's educational flashcard. Bold thick dark outline, solid flat pastel colors, simple shapes, no shading, no gradients, no shadows. A single subject centered with margins, plain pure white background, no text, no letters.","A realistic photograph of a large striped beach ball, outdoors on green grass in a sunny park, soft background. Soft natural daylight, shallow depth of field, sharp focus on the subject, a single clear subject centered in the frame, whole subject visible, clean uncluttered composition, no text, no watermark.","A soft watercolor illustration of a large striped beach ball for a children's picture book. Gentle pastel colors, delicate brush strokes, visible paper texture, light washes, a single subject centered with margins, a pale soft watercolor wash background, no text.","A paper cut-out collage of a large striped beach ball, made of layered colored construction paper with simple shapes and soft paper shadows, children's craft style, a single subject centered with margins, plain light cream paper background, no text."
мячик,,"a small rubber ball, red","outdoors on green grass in a sunny park, soft background","A flat vector illustration of a small rubber ball, red, in the style of a children's educational flashcard. Bold thick dark outline, solid flat pastel colors, simple shapes, no shading, no gradients, no shadows. A single subject centered with margins, plain pure white background, no text, no letters.","A realistic photograph of a small rubber ball, red, outdoors on green grass in a sunny park, soft background. Soft natural daylight, shallow depth of field, sharp focus on the subject, a single clear subject centered in the frame, whole subject visible, clean uncluttered composition, no text, no watermark.","A soft watercolor illustration of a small rubber ball, red for a children's picture book. Gentle pastel colors, delicate brush strokes, visible paper texture, light washes, a single subject centered with margins, a pale soft watercolor wash background, no text.","A paper cut-out collage of a small rubber ball, red, made of layered colored construction paper with simple shapes and soft paper shadows, children's craft style, a single subject centered with margins, plain light cream paper background, no text."
нога,,a child leg and foot,"natural indoor setting, soft daylight, only the relevant body part clearly in focus","A flat vector illustration of a child leg and foot, in the style of a children's educational flashcard. Bold thick dark outline, solid flat pastel colors, simple shapes, no shading, no gradients, no shadows. A single subject centered with margins, plain pure white background, no text, no letters.","A realistic photograph of a child leg and foot, natural indoor setting, soft daylight, only the relevant body part clearly in focus. Soft natural daylight, shallow depth of field, sharp focus on the subject, a single clear subject centered in the frame, whole subject visible, clean uncluttered composition, no text, no watermark.","A soft watercolor illustration of a child leg and foot for a children's picture book. Gentle pastel colors, delicate brush strokes, visible paper texture, light washes, a single subject centered with margins, a pale soft watercolor wash background, no text.","A paper cut-out collage of a child leg and foot, made of layered colored construction paper with simple shapes and soft paper shadows, children's craft style, a single subject centered with margins, plain light cream paper background, no text."
ножик,,a kitchen knife,"on a wooden kitchen table, softly blurred kitchen behind","A flat vector illustration of a kitchen knife, in the style of a children's educational flashcard. Bold thick dark outline, solid flat pastel colors, simple shapes, no shading, no gradients, no shadows. A single subject centered with margins, plain pure white background, no text, no letters.","A realistic photograph of a kitchen knife, on a wooden kitchen table, softly blurred kitchen behind. Soft natural daylight, shallow depth of field, sharp focus on the subject, a single clear subject centered in the frame, whole subject visible, clean uncluttered composition, no text, no watermark.","A soft watercolor illustration of a kitchen knife for a children's picture book. Gentle pastel colors, delicate brush strokes, visible paper texture, light washes, a single subject centered with margins, a pale soft watercolor wash background, no text.","A paper cut-out collage of a kitchen knife, made of layered colored construction paper with simple shapes and soft paper shadows, children's craft style, a single subject centered with margins, plain light cream paper background, no text."
нос,,"a child nose, front view","natural indoor setting, soft daylight, only the relevant body part clearly in focus","A flat vector illustration of a child nose, front view, in the style of a children's educational flashcard. Bold thick dark outline, solid flat pastel colors, simple shapes, no shading, no gradients, no shadows. A single subject centered with margins, plain pure white background, no text, no letters.","A realistic photograph of a child nose, front view, natural indoor setting, soft daylight, only the relevant body part clearly in focus. Soft natural daylight, shallow depth of field, sharp focus on the subject, a single clear subject centered in the frame, whole subject visible, clean uncluttered composition, no text, no watermark.","A soft watercolor illustration of a child nose, front view for a children's picture book. Gentle pastel colors, delicate brush strokes, visible paper texture, light washes, a single subject centered with margins, a pale soft watercolor wash background, no text.","A paper cut-out collage of a child nose, front view, made of layered colored construction paper with simple shapes and soft paper shadows, children's craft style, a single subject centered with margins, plain light cream paper background, no text."
носок,,a sock,"on a light wooden table in a bright cozy room, softly blurred room behind","A flat vector illustration of a sock, in the style of a children's educational flashcard. Bold thick dark outline, solid flat pastel colors, simple shapes, no shading, no gradients, no shadows. A single subject centered with margins, plain pure white background, no text, no letters.","A realistic photograph of a sock, on a light wooden table in a bright cozy room, softly blurred room behind. Soft natural daylight, shallow depth of field, sharp focus on the subject, a single clear subject centered in the frame, whole subject visible, clean uncluttered composition, no text, no watermark.","A soft watercolor illustration of a sock for a children's picture book. Gentle pastel colors, delicate brush strokes, visible paper texture, light washes, a single subject centered with margins, a pale soft watercolor wash background, no text.","A paper cut-out collage of a sock, made of layered colored construction paper with simple shapes and soft paper shadows, children's craft style, a single subject centered with margins, plain light cream paper background, no text."
овощ,,a basket of vegetables,"on a rustic wooden kitchen table, softly blurred kitchen behind","A flat vector illustration of a basket of vegetables, in the style of a children's educational flashcard. Bold thick dark outline, solid flat pastel colors, simple shapes, no shading, no gradients, no shadows. A single subject centered with margins, plain pure white background, no text, no letters.","A realistic photograph of a basket of vegetables, on a rustic wooden kitchen table, softly blurred kitchen behind. Soft natural daylight, shallow depth of field, sharp focus on the subject, a single clear subject centered in the frame, whole subject visible, clean uncluttered composition, no text, no watermark.","A soft watercolor illustration of a basket of vegetables for a children's picture book. Gentle pastel colors, delicate brush strokes, visible paper texture, light washes, a single subject centered with margins, a pale soft watercolor wash background, no text.","A paper cut-out collage of a basket of vegetables, made of layered colored construction paper with simple shapes and soft paper shadows, children's craft style, a single subject centered with margins, plain light cream paper background, no text."
огурец,,one cucumber,"on a rustic wooden kitchen table, softly blurred kitchen behind","A flat vector illustration of one cucumber, in the style of a children's educational flashcard. Bold thick dark outline, solid flat pastel colors, simple shapes, no shading, no gradients, no shadows. A single subject centered with margins, plain pure white background, no text, no letters.","A realistic photograph of one cucumber, on a rustic wooden kitchen table, softly blurred kitchen behind. Soft natural daylight, shallow depth of field, sharp focus on the subject, a single clear subject centered in the frame, whole subject visible, clean uncluttered composition, no text, no watermark.","A soft watercolor illustration of one cucumber for a children's picture book. Gentle pastel colors, delicate brush strokes, visible paper texture, light washes, a single subject centered with margins, a pale soft watercolor wash background, no text.","A paper cut-out collage of one cucumber, made of layered colored construction paper with simple shapes and soft paper shadows, children's craft style, a single subject centered with margins, plain light cream paper background, no text."
один,,one red apple,"on a rustic wooden kitchen table, softly blurred kitchen behind","A flat vector illustration of one red apple, in the style of a children's educational flashcard. Bold thick dark outline, solid flat pastel colors, simple shapes, no shading, no gradients, no shadows. A single subject centered with margins, plain pure white background, no text, no letters.","A realistic photograph of one red apple, on a rustic wooden kitchen table, softly blurred kitchen behind. Soft natural daylight, shallow depth of field, sharp focus on the subject, a single clear subject centered in the frame, whole subject visible, clean uncluttered composition, no text, no watermark.","A soft watercolor illustration of one red apple for a children's picture book. Gentle pastel colors, delicate brush strokes, visible paper texture, light washes, a single subject centered with margins, a pale soft watercolor wash background, no text.","A paper cut-out collage of one red apple, made of layered colored construction paper with simple shapes and soft paper shadows, children's craft style, a single subject centered with margins, plain light cream paper background, no text."
одуванчик,,a yellow dandelion,"outdoors in a sunny garden or park, soft green background","A flat vector illustration of a yellow dandelion, in the style of a children's educational flashcard. Bold thick dark outline, solid flat pastel colors, simple shapes, no shading, no gradients, no shadows. A single subject centered with margins, plain pure white background, no text, no letters.","A realistic photograph of a yellow dandelion, outdoors in a sunny garden or park, soft green background. Soft natural daylight, shallow depth of field, sharp focus on the subject, a single clear subject centered in the frame, whole subject visible, clean uncluttered composition, no text, no watermark.","A soft watercolor illustration of a yellow dandelion for a children's picture book. Gentle pastel colors, delicate brush strokes, visible paper texture, light washes, a single subject centered with margins, a pale soft watercolor wash background, no text.","A paper cut-out collage of a yellow dandelion, made of layered colored construction paper with simple shapes and soft paper shadows, children's craft style, a single subject centered with margins, plain light cream paper background, no text."
палка,,a wooden stick,"on a light wooden table in a bright cozy room, softly blurred room behind","A flat vector illustration of a wooden stick, in the style of a children's educational flashcard. Bold thick dark outline, solid flat pastel colors, simple shapes, no shading, no gradients, no shadows. A single subject centered with margins, plain pure white background, no text, no letters.","A realistic photograph of a wooden stick, on a light wooden table in a bright cozy room, softly blurred room behind. Soft natural daylight, shallow depth of field, sharp focus on the subject, a single clear subject centered in the frame, whole subject visible, clean uncluttered composition, no text, no watermark.","A soft watercolor illustration of a wooden stick for a children's picture book. Gentle pastel colors, delicate brush strokes, visible paper texture, light washes, a single subject centered with margins, a pale soft watercolor wash background, no text.","A paper cut-out collage of a wooden stick, made of layered colored construction paper with simple shapes and soft paper shadows, children's craft style, a single subject centered with margins, plain light cream paper background, no text."
пальто,,a coat,hanging in a bright hallway,"A flat vector illustration of a coat, in the style of a children's educational flashcard. Bold thick dark outline, solid flat pastel colors, simple shapes, no shading, no gradients, no shadows. A single subject centered with margins, plain pure white background, no text, no letters.","A realistic photograph of a coat, hanging in a bright hallway. Soft natural daylight, shallow depth of field, sharp focus on the subject, a single clear subject centered in the frame, whole subject visible, clean uncluttered composition, no text, no watermark.","A soft watercolor illustration of a coat for a children's picture book. Gentle pastel colors, delicate brush strokes, visible paper texture, light washes, a single subject centered with margins, a pale soft watercolor wash background, no text.","A paper cut-out collage of a coat, made of layered colored construction paper with simple shapes and soft paper shadows, children's craft style, a single subject centered with margins, plain light cream paper background, no text."
панда,,a panda,"in a natural outdoor setting on green grass, soft green background","A flat vector illustration of a panda, in the style of a children's educational flashcard. Bold thick dark outline, solid flat pastel colors, simple shapes, no shading, no gradients, no shadows. A single subject centered with margins, plain pure white background, no text, no letters.","A realistic photograph of a panda, in a natural outdoor setting on green grass, soft green background. Soft natural daylight, shallow depth of field, sharp focus on the subject, a single clear subject centered in the frame, whole subject visible, clean uncluttered composition, no text, no watermark.","A soft watercolor illustration of a panda for a children's picture book. Gentle pastel colors, delicate brush strokes, visible paper texture, light washes, a single subject centered with margins, a pale soft watercolor wash background, no text.","A paper cut-out collage of a panda, made of layered colored construction paper with simple shapes and soft paper shadows, children's craft style, a single subject centered with margins, plain light cream paper background, no text."
папа,,"a smiling father friendly cartoon, full body","in a bright simple everyday setting, soft natural light, plain clothes, friendly smile, looking at the camera","A flat vector illustration of a smiling father friendly cartoon, full body, in the style of a children's educational flashcard. Bold thick dark outline, solid flat pastel colors, simple shapes, no shading, no gradients, no shadows. A single subject centered with margins, plain pure white background, no text, no letters.","A realistic photograph of a smiling father friendly cartoon, full body, in a bright simple everyday setting, soft natural light, plain clothes, friendly smile, looking at the camera. Soft natural daylight, shallow depth of field, sharp focus on the subject, a single clear subject centered in the frame, whole subject visible, clean uncluttered composition, no text, no watermark.","A soft watercolor illustration of a smiling father friendly cartoon, full body for a children's picture book. Gentle pastel colors, delicate brush strokes, visible paper texture, light washes, a single subject centered with margins, a pale soft watercolor wash background, no text.","A paper cut-out collage of a smiling father friendly cartoon, full body, made of layered colored construction paper with simple shapes and soft paper shadows, children's craft style, a single subject centered with margins, plain light cream paper background, no text."
парашют,,a parachute,in a clear blue sky,"A flat vector illustration of a parachute, in the style of a children's educational flashcard. Bold thick dark outline, solid flat pastel colors, simple shapes, no shading, no gradients, no shadows. A single subject centered with margins, plain pure white background, no text, no letters.","A realistic photograph of a parachute, in a clear blue sky. Soft natural daylight, shallow depth of field, sharp focus on the subject, a single clear subject centered in the frame, whole subject visible, clean uncluttered composition, no text, no watermark.","A soft watercolor illustration of a parachute for a children's picture book. Gentle pastel colors, delicate brush strokes, visible paper texture, light washes, a single subject centered with margins, a pale soft watercolor wash background, no text.","A paper cut-out collage of a parachute, made of layered colored construction paper with simple shapes and soft paper shadows, children's craft style, a single subject centered with margins, plain light cream paper background, no text."
парикмахер,,a hairdresser with scissors,"in a bright simple everyday setting, soft natural light, plain clothes, friendly smile, looking at the camera","A flat vector illustration of a hairdresser with scissors, in the style of a children's educational flashcard. Bold thick dark outline, solid flat pastel colors, simple shapes, no shading, no gradients, no shadows. A single subject centered with margins, plain pure white background, no text, no letters.","A realistic photograph of a hairdresser with scissors, in a bright simple everyday setting, soft natural light, plain clothes, friendly smile, looking at the camera. Soft natural daylight, shallow depth of field, sharp focus on the subject, a single clear subject centered in the frame, whole subject visible, clean uncluttered composition, no text, no watermark.","A soft watercolor illustration of a hairdresser with scissors for a children's picture book. Gentle pastel colors, delicate brush strokes, visible paper texture, light washes, a single subject centered with margins, a pale soft watercolor wash background, no text.","A paper cut-out collage of a hairdresser with scissors, made of layered colored construction paper with simple shapes and soft paper shadows, children's craft style, a single subject centered with margins, plain light cream paper background, no text."
пароход,,a steamboat,on a calm river,"A flat vector illustration of a steamboat, in the style of a children's educational flashcard. Bold thick dark outline, solid flat pastel colors, simple shapes, no shading, no gradients, no shadows. A single subject centered with margins, plain pure white background, no text, no letters.","A realistic photograph of a steamboat, on a calm river. Soft natural daylight, shallow depth of field, sharp focus on the subject, a single clear subject centered in the frame, whole subject visible, clean uncluttered composition, no text, no watermark.","A soft watercolor illustration of a steamboat for a children's picture book. Gentle pastel colors, delicate brush strokes, visible paper texture, light washes, a single subject centered with margins, a pale soft watercolor wash background, no text.","A paper cut-out collage of a steamboat, made of layered colored construction paper with simple shapes and soft paper shadows, children's craft style, a single subject centered with margins, plain light cream paper background, no text."
парус,,a sailboat with sail,on a calm blue sea,"A flat vector illustration of a sailboat with sail, in the style of a children's educational flashcard. Bold thick dark outline, solid flat pastel colors, simple shapes, no shading, no gradients, no shadows. A single subject centered with margins, plain pure white background, no text, no letters.","A realistic photograph of a sailboat with sail, on a calm blue sea. Soft natural daylight, shallow depth of field, sharp focus on the subject, a single clear subject centered in the frame, whole subject visible, clean uncluttered composition, no text, no watermark.","A soft watercolor illustration of a sailboat with sail for a children's picture book. Gentle pastel colors, delicate brush strokes, visible paper texture, light washes, a single subject centered with margins, a pale soft watercolor wash background, no text.","A paper cut-out collage of a sailboat with sail, made of layered colored construction paper with simple shapes and soft paper shadows, children's craft style, a single subject centered with margins, plain light cream paper background, no text."
песок,,a pile of sand with a toy shovel,a sunny sandbox in a playground,"A flat vector illustration of a pile of sand with a toy shovel, in the style of a children's educational flashcard. Bold thick dark outline, solid flat pastel colors, simple shapes, no shading, no gradients, no shadows. A single subject centered with margins, plain pure white background, no text, no letters.","A realistic photograph of a pile of sand with a toy shovel, a sunny sandbox in a playground. Soft natural daylight, shallow depth of field, sharp focus on the subject, a single clear subject centered in the frame, whole subject visible, clean uncluttered composition, no text, no watermark.","A soft watercolor illustration of a pile of sand with a toy shovel for a children's picture book. Gentle pastel colors, delicate brush strokes, visible paper texture, light washes, a single subject centered with margins, a pale soft watercolor wash background, no text.","A paper cut-out collage of a pile of sand with a toy shovel, made of layered colored construction paper with simple shapes and soft paper shadows, children's craft style, a single subject centered with margins, plain light cream paper background, no text."
пипи,да,"a toilet bowl, front view","in a bright clean bathroom, soft daylight","A flat vector illustration of a toilet bowl, front view, in the style of a children's educational flashcard. Bold thick dark outline, solid flat pastel colors, simple shapes, no shading, no gradients, no shadows. A single subject centered with margins, plain pure white background, no text, no letters.","A realistic photograph of a toilet bowl, front view, in a bright clean bathroom, soft daylight. Soft natural daylight, shallow depth of field, sharp focus on the subject, a single clear subject centered in the frame, whole subject visible, clean uncluttered composition, no text, no watermark.","A soft watercolor illustration of a toilet bowl, front view for a children's picture book. Gentle pastel colors, delicate brush strokes, visible paper texture, light washes, a single subject centered with margins, a pale soft watercolor wash background, no text.","A paper cut-out collage of a toilet bowl, front view, made of layered colored construction paper with simple shapes and soft paper shadows, children's craft style, a single subject centered with margins, plain light cream paper background, no text."
пирог,,a pie,"on a rustic wooden kitchen table, softly blurred kitchen behind","A flat vector illustration of a pie, in the style of a children's educational flashcard. Bold thick dark outline, solid flat pastel colors, simple shapes, no shading, no gradients, no shadows. A single subject centered with margins, plain pure white background, no text, no letters.","A realistic photograph of a pie, on a rustic wooden kitchen table, softly blurred kitchen behind. Soft natural daylight, shallow depth of field, sharp focus on the subject, a single clear subject centered in the frame, whole subject visible, clean uncluttered composition, no text, no watermark.","A soft watercolor illustration of a pie for a children's picture book. Gentle pastel colors, delicate brush strokes, visible paper texture, light washes, a single subject centered with margins, a pale soft watercolor wash background, no text.","A paper cut-out collage of a pie, made of layered colored construction paper with simple shapes and soft paper shadows, children's craft style, a single subject centered with margins, plain light cream paper background, no text."
платок,,a headscarf,"on a light wooden table in a bright cozy room, softly blurred room behind","A flat vector illustration of a headscarf, in the style of a children's educational flashcard. Bold thick dark outline, solid flat pastel colors, simple shapes, no shading, no gradients, no shadows. A single subject centered with margins, plain pure white background, no text, no letters.","A realistic photograph of a headscarf, on a light wooden table in a bright cozy room, softly blurred room behind. Soft natural daylight, shallow depth of field, sharp focus on the subject, a single clear subject centered in the frame, whole subject visible, clean uncluttered composition, no text, no watermark.","A soft watercolor illustration of a headscarf for a children's picture book. Gentle pastel colors, delicate brush strokes, visible paper texture, light washes, a single subject centered with margins, a pale soft watercolor wash background, no text.","A paper cut-out collage of a headscarf, made of layered colored construction paper with simple shapes and soft paper shadows, children's craft style, a single subject centered with margins, plain light cream paper background, no text."
плачет,,a crying child with tears,"in a bright cozy home setting, full body, seen from the side","A flat vector illustration of a crying child with tears, in the style of a children's educational flashcard. Bold thick dark outline, solid flat pastel colors, simple shapes, no shading, no gradients, no shadows. A single subject centered with margins, plain pure white background, no text, no letters.","A realistic photograph of a crying child with tears, in a bright cozy home setting, full body, seen from the side. Soft natural daylight, shallow depth of field, sharp focus on the subject, a single clear subject centered in the frame, whole subject visible, clean uncluttered composition, no text, no watermark.","A soft watercolor illustration of a crying child with tears for a children's picture book. Gentle pastel colors, delicate brush strokes, visible paper texture, light washes, a single subject centered with margins, a pale soft watercolor wash background, no text.","A paper cut-out collage of a crying child with tears, made of layered colored construction paper with simple shapes and soft paper shadows, children's craft style, a single subject centered with margins, plain light cream paper background, no text."
повар,,a chef with tall hat,"in a bright simple everyday setting, soft natural light, plain clothes, friendly smile, looking at the camera","A flat vector illustration of a chef with tall hat, in the style of a children's educational flashcard. Bold thick dark outline, solid flat pastel colors, simple shapes, no shading, no gradients, no shadows. A single subject centered with margins, plain pure white background, no text, no letters.","A realistic photograph of a chef with tall hat, in a bright simple everyday setting, soft natural light, plain clothes, friendly smile, looking at the camera. Soft natural daylight, shallow depth of field, sharp focus on the subject, a single clear subject centered in the frame, whole subject visible, clean uncluttered composition, no text, no watermark.","A soft watercolor illustration of a chef with tall hat for a children's picture book. Gentle pastel colors, delicate brush strokes, visible paper texture, light washes, a single subject centered with margins, a pale soft watercolor wash background, no text.","A paper cut-out collage of a chef with tall hat, made of layered colored construction paper with simple shapes and soft paper shadows, children's craft style, a single subject centered with margins, plain light cream paper background, no text."
поднос,,a tray,"on a wooden kitchen table, softly blurred kitchen behind","A flat vector illustration of a tray, in the style of a children's educational flashcard. Bold thick dark outline, solid flat pastel colors, simple shapes, no shading, no gradients, no shadows. A single subject centered with margins, plain pure white background, no text, no letters.","A realistic photograph of a tray, on a wooden kitchen table, softly blurred kitchen behind. Soft natural daylight, shallow depth of field, sharp focus on the subject, a single clear subject centered in the frame, whole subject visible, clean uncluttered composition, no text, no watermark.","A soft watercolor illustration of a tray for a children's picture book. Gentle pastel colors, delicate brush strokes, visible paper texture, light washes, a single subject centered with margins, a pale soft watercolor wash background, no text.","A paper cut-out collage of a tray, made of layered colored construction paper with simple shapes and soft paper shadows, children's craft style, a single subject centered with margins, plain light cream paper background, no text."
поезд,,"a train, side view",at a railway station,"A flat vector illustration of a train, side view, in the style of a children's educational flashcard. Bold thick dark outline, solid flat pastel colors, simple shapes, no shading, no gradients, no shadows. A single subject centered with margins, plain pure white background, no text, no letters.","A realistic photograph of a train, side view, at a railway station. Soft natural daylight, shallow depth of field, sharp focus on the subject, a single clear subject centered in the frame, whole subject visible, clean uncluttered composition, no text, no watermark.","A soft watercolor illustration of a train, side view for a children's picture book. Gentle pastel colors, delicate brush strokes, visible paper texture, light washes, a single subject centered with margins, a pale soft watercolor wash background, no text.","A paper cut-out collage of a train, side view, made of layered colored construction paper with simple shapes and soft paper shadows, children's craft style, a single subject centered with margins, plain light cream paper background, no text."
пожарный,,a firefighter with helmet,"in a bright simple everyday setting, soft natural light, plain clothes, friendly smile, looking at the camera","A flat vector illustration of a firefighter with helmet, in the style of a children's educational flashcard. Bold thick dark outline, solid flat pastel colors, simple shapes, no shading, no gradients, no shadows. A single subject centered with margins, plain pure white background, no text, no letters.","A realistic photograph of a firefighter with helmet, in a bright simple everyday setting, soft natural light, plain clothes, friendly smile, looking at the camera. Soft natural daylight, shallow depth of field, sharp focus on the subject, a single clear subject centered in the frame, whole subject visible, clean uncluttered composition, no text, no watermark.","A soft watercolor illustration of a firefighter with helmet for a children's picture book. Gentle pastel colors, delicate brush strokes, visible paper texture, light washes, a single subject centered with margins, a pale soft watercolor wash background, no text.","A paper cut-out collage of a firefighter with helmet, made of layered colored construction paper with simple shapes and soft paper shadows, children's craft style, a single subject centered with margins, plain light cream paper background, no text."
пока,да,a hand waving goodbye,"natural indoor setting, soft daylight, only the relevant body part clearly in focus","A flat vector illustration of a hand waving goodbye, in the style of a children's educational flashcard. Bold thick dark outline, solid flat pastel colors, simple shapes, no shading, no gradients, no shadows. A single subject centered with margins, plain pure white background, no text, no letters.","A realistic photograph of a hand waving goodbye, natural indoor setting, soft daylight, only the relevant body part clearly in focus. Soft natural daylight, shallow depth of field, sharp focus on the subject, a single clear subject centered in the frame, whole subject visible, clean uncluttered composition, no text, no watermark.","A soft watercolor illustration of a hand waving goodbye for a children's picture book. Gentle pastel colors, delicate brush strokes, visible paper texture, light washes, a single subject centered with margins, a pale soft watercolor wash background, no text.","A paper cut-out collage of a hand waving goodbye, made of layered colored construction paper with simple shapes and soft paper shadows, children's craft style, a single subject centered with margins, plain light cream paper background, no text."
пол,да,a wooden plank floor with a small rug,a bright living room,"A flat vector illustration of a wooden plank floor with a small rug, in the style of a children's educational flashcard. Bold thick dark outline, solid flat pastel colors, simple shapes, no shading, no gradients, no shadows. A single subject centered with margins, plain pure white background, no text, no letters.","A realistic photograph of a wooden plank floor with a small rug, a bright living room. Soft natural daylight, shallow depth of field, sharp focus on the subject, a single clear subject centered in the frame, whole subject visible, clean uncluttered composition, no text, no watermark.","A soft watercolor illustration of a wooden plank floor with a small rug for a children's picture book. Gentle pastel colors, delicate brush strokes, visible paper texture, light washes, a single subject centered with margins, a pale soft watercolor wash background, no text.","A paper cut-out collage of a wooden plank floor with a small rug, made of layered colored construction paper with simple shapes and soft paper shadows, children's craft style, a single subject centered with margins, plain light cream paper background, no text."
полицейский,,a policeman,"in a bright simple everyday setting, soft natural light, plain clothes, friendly smile, looking at the camera","A flat vector illustration of a policeman, in the style of a children's educational flashcard. Bold thick dark outline, solid flat pastel colors, simple shapes, no shading, no gradients, no shadows. A single subject centered with margins, plain pure white background, no text, no letters.","A realistic photograph of a policeman, in a bright simple everyday setting, soft natural light, plain clothes, friendly smile, looking at the camera. Soft natural daylight, shallow depth of field, sharp focus on the subject, a single clear subject centered in the frame, whole subject visible, clean uncluttered composition, no text, no watermark.","A soft watercolor illustration of a policeman for a children's picture book. Gentle pastel colors, delicate brush strokes, visible paper texture, light washes, a single subject centered with margins, a pale soft watercolor wash background, no text.","A paper cut-out collage of a policeman, made of layered colored construction paper with simple shapes and soft paper shadows, children's craft style, a single subject centered with margins, plain light cream paper background, no text."
полка,,a wall shelf,on a wall in a bright room,"A flat vector illustration of a wall shelf, in the style of a children's educational flashcard. Bold thick dark outline, solid flat pastel colors, simple shapes, no shading, no gradients, no shadows. A single subject centered with margins, plain pure white background, no text, no letters.","A realistic photograph of a wall shelf, on a wall in a bright room. Soft natural daylight, shallow depth of field, sharp focus on the subject, a single clear subject centered in the frame, whole subject visible, clean uncluttered composition, no text, no watermark.","A soft watercolor illustration of a wall shelf for a children's picture book. Gentle pastel colors, delicate brush strokes, visible paper texture, light washes, a single subject centered with margins, a pale soft watercolor wash background, no text.","A paper cut-out collage of a wall shelf, made of layered colored construction paper with simple shapes and soft paper shadows, children's craft style, a single subject centered with margins, plain light cream paper background, no text."
помидор,,one tomato,"on a rustic wooden kitchen table, softly blurred kitchen behind","A flat vector illustration of one tomato, in the style of a children's educational flashcard. Bold thick dark outline, solid flat pastel colors, simple shapes, no shading, no gradients, no shadows. A single subject centered with margins, plain pure white background, no text, no letters.","A realistic photograph of one tomato, on a rustic wooden kitchen table, softly blurred kitchen behind. Soft natural daylight, shallow depth of field, sharp focus on the subject, a single clear subject centered in the frame, whole subject visible, clean uncluttered composition, no text, no watermark.","A soft watercolor illustration of one tomato for a children's picture book. Gentle pastel colors, delicate brush strokes, visible paper texture, light washes, a single subject centered with margins, a pale soft watercolor wash background, no text.","A paper cut-out collage of one tomato, made of layered colored construction paper with simple shapes and soft paper shadows, children's craft style, a single subject centered with margins, plain light cream paper background, no text."
попугай,,a colorful parrot,"in a natural outdoor setting on green grass, soft green background","A flat vector illustration of a colorful parrot, in the style of a children's educational flashcard. Bold thick dark outline, solid flat pastel colors, simple shapes, no shading, no gradients, no shadows. A single subject centered with margins, plain pure white background, no text, no letters.","A realistic photograph of a colorful parrot, in a natural outdoor setting on green grass, soft green background. Soft natural daylight, shallow depth of field, sharp focus on the subject, a single clear subject centered in the frame, whole subject visible, clean uncluttered composition, no text, no watermark.","A soft watercolor illustration of a colorful parrot for a children's picture book. Gentle pastel colors, delicate brush strokes, visible paper texture, light washes, a single subject centered with margins, a pale soft watercolor wash background, no text.","A paper cut-out collage of a colorful parrot, made of layered colored construction paper with simple shapes and soft paper shadows, children's craft style, a single subject centered with margins, plain light cream paper background, no text."
портфель,,a school backpack,"on a light wooden table in a bright cozy room, softly blurred room behind","A flat vector illustration of a school backpack, in the style of a children's educational flashcard. Bold thick dark outline, solid flat pastel colors, simple shapes, no shading, no gradients, no shadows. A single subject centered with margins, plain pure white background, no text, no letters.","A realistic photograph of a school backpack, on a light wooden table in a bright cozy room, softly blurred room behind. Soft natural daylight, shallow depth of field, sharp focus on the subject, a single clear subject centered in the frame, whole subject visible, clean uncluttered composition, no text, no watermark.","A soft watercolor illustration of a school backpack for a children's picture book. Gentle pastel colors, delicate brush strokes, visible paper texture, light washes, a single subject centered with margins, a pale soft watercolor wash background, no text.","A paper cut-out collage of a school backpack, made of layered colored construction paper with simple shapes and soft paper shadows, children's craft style, a single subject centered with margins, plain light cream paper background, no text."
продавец,,a shop seller behind counter,"in a bright simple everyday setting, soft natural light, plain clothes, friendly smile, looking at the camera","A flat vector illustration of a shop seller behind counter, in the style of a children's educational flashcard. Bold thick dark outline, solid flat pastel colors, simple shapes, no shading, no gradients, no shadows. A single subject centered with margins, plain pure white background, no text, no letters.","A realistic photograph of a shop seller behind counter, in a bright simple everyday setting, soft natural light, plain clothes, friendly smile, looking at the camera. Soft natural daylight, shallow depth of field, sharp focus on the subject, a single clear subject centered in the frame, whole subject visible, clean uncluttered composition, no text, no watermark.","A soft watercolor illustration of a shop seller behind counter for a children's picture book. Gentle pastel colors, delicate brush strokes, visible paper texture, light washes, a single subject centered with margins, a pale soft watercolor wash background, no text.","A paper cut-out collage of a shop seller behind counter, made of layered colored construction paper with simple shapes and soft paper shadows, children's craft style, a single subject centered with margins, plain light cream paper background, no text."
птенец,,a baby bird chick,in a nest,"A flat vector illustration of a baby bird chick, in the style of a children's educational flashcard. Bold thick dark outline, solid flat pastel colors, simple shapes, no shading, no gradients, no shadows. A single subject centered with margins, plain pure white background, no text, no letters.","A realistic photograph of a baby bird chick, in a nest. Soft natural daylight, shallow depth of field, sharp focus on the subject, a single clear subject centered in the frame, whole subject visible, clean uncluttered composition, no text, no watermark.","A soft watercolor illustration of a baby bird chick for a children's picture book. Gentle pastel colors, delicate brush strokes, visible paper texture, light washes, a single subject centered with margins, a pale soft watercolor wash background, no text.","A paper cut-out collage of a baby bird chick, made of layered colored construction paper with simple shapes and soft paper shadows, children's craft style, a single subject centered with margins, plain light cream paper background, no text."
пульт,,a tv remote control,on a sofa in a living room,"A flat vector illustration of a tv remote control, in the style of a children's educational flashcard. Bold thick dark outline, solid flat pastel colors, simple shapes, no shading, no gradients, no shadows. A single subject centered with margins, plain pure white background, no text, no letters.","A realistic photograph of a tv remote control, on a sofa in a living room. Soft natural daylight, shallow depth of field, sharp focus on the subject, a single clear subject centered in the frame, whole subject visible, clean uncluttered composition, no text, no watermark.","A soft watercolor illustration of a tv remote control for a children's picture book. Gentle pastel colors, delicate brush strokes, visible paper texture, light washes, a single subject centered with margins, a pale soft watercolor wash background, no text.","A paper cut-out collage of a tv remote control, made of layered colored construction paper with simple shapes and soft paper shadows, children's craft style, a single subject centered with margins, plain light cream paper background, no text."
пьёт,,a child drinking from a cup,"in a bright cozy home setting, full body, seen from the side","A flat vector illustration of a child drinking from a cup, in the style of a children's educational flashcard. Bold thick dark outline, solid flat pastel colors, simple shapes, no shading, no gradients, no shadows. A single subject centered with margins, plain pure white background, no text, no letters.","A realistic photograph of a child drinking from a cup, in a bright cozy home setting, full body, seen from the side. Soft natural daylight, shallow depth of field, sharp focus on the subject, a single clear subject centered in the frame, whole subject visible, clean uncluttered composition, no text, no watermark.","A soft watercolor illustration of a child drinking from a cup for a children's picture book. Gentle pastel colors, delicate brush strokes, visible paper texture, light washes, a single subject centered with margins, a pale soft watercolor wash background, no text.","A paper cut-out collage of a child drinking from a cup, made of layered colored construction paper with simple shapes and soft paper shadows, children's craft style, a single subject centered with margins, plain light cream paper background, no text."
пять,,five apples in a row,"on a rustic wooden kitchen table, softly blurred kitchen behind","A flat vector illustration of five apples in a row, in the style of a children's educational flashcard. Bold thick dark outline, solid flat pastel colors, simple shapes, no shading, no gradients, no shadows. A single subject centered with margins, plain pure white background, no text, no letters.","A realistic photograph of five apples in a row, on a rustic wooden kitchen table, softly blurred kitchen behind. Soft natural daylight, shallow depth of field, sharp focus on the subject, a single clear subject centered in the frame, whole subject visible, clean uncluttered composition, no text, no watermark.","A soft watercolor illustration of five apples in a row for a children's picture book. Gentle pastel colors, delicate brush strokes, visible paper texture, light washes, a single subject centered with margins, a pale soft watercolor wash background, no text.","A paper cut-out collage of five apples in a row, made of layered colored construction paper with simple shapes and soft paper shadows, children's craft style, a single subject centered with margins, plain light cream paper background, no text."
пёс,,"a big black dog standing, side view","in a natural outdoor setting on green grass, soft green background","A flat vector illustration of a big black dog standing, side view, in the style of a children's educational flashcard. Bold thick dark outline, solid flat pastel colors, simple shapes, no shading, no gradients, no shadows. A single subject centered with margins, plain pure white background, no text, no letters.","A realistic photograph of a big black dog standing, side view, in a natural outdoor setting on green grass, soft green background. Soft natural daylight, shallow depth of field, sharp focus on the subject, a single clear subject centered in the frame, whole subject visible, clean uncluttered composition, no text, no watermark.","A soft watercolor illustration of a big black dog standing, side view for a children's picture book. Gentle pastel colors, delicate brush strokes, visible paper texture, light washes, a single subject centered with margins, a pale soft watercolor wash background, no text.","A paper cut-out collage of a big black dog standing, side view, made of layered colored construction paper with simple shapes and soft paper shadows, children's craft style, a single subject centered with margins, plain light cream paper background, no text."
рак,,a red crayfish,on wet sand by a river,"A flat vector illustration of a red crayfish, in the style of a children's educational flashcard. Bold thick dark outline, solid flat pastel colors, simple shapes, no shading, no gradients, no shadows. A single subject centered with margins, plain pure white background, no text, no letters.","A realistic photograph of a red crayfish, on wet sand by a river. Soft natural daylight, shallow depth of field, sharp focus on the subject, a single clear subject centered in the frame, whole subject visible, clean uncluttered composition, no text, no watermark.","A soft watercolor illustration of a red crayfish for a children's picture book. Gentle pastel colors, delicate brush strokes, visible paper texture, light washes, a single subject centered with margins, a pale soft watercolor wash background, no text.","A paper cut-out collage of a red crayfish, made of layered colored construction paper with simple shapes and soft paper shadows, children's craft style, a single subject centered with margins, plain light cream paper background, no text."
рисует,,a child drawing with a crayon,"in a bright cozy home setting, full body, seen from the side","A flat vector illustration of a child drawing with a crayon, in the style of a children's educational flashcard. Bold thick dark outline, solid flat pastel colors, simple shapes, no shading, no gradients, no shadows. A single subject centered with margins, plain pure white background, no text, no letters.","A realistic photograph of a child drawing with a crayon, in a bright cozy home setting, full body, seen from the side. Soft natural daylight, shallow depth of field, sharp focus on the subject, a single clear subject centered in the frame, whole subject visible, clean uncluttered composition, no text, no watermark.","A soft watercolor illustration of a child drawing with a crayon for a children's picture book. Gentle pastel colors, delicate brush strokes, visible paper texture, light washes, a single subject centered with margins, a pale soft watercolor wash background, no text.","A paper cut-out collage of a child drawing with a crayon, made of layered colored construction paper with simple shapes and soft paper shadows, children's craft style, a single subject centered with margins, plain light cream paper background, no text."
рот,,"a child mouth, smiling","natural indoor setting, soft daylight, only the relevant body part clearly in focus","A flat vector illustration of a child mouth, smiling, in the style of a children's educational flashcard. Bold thick dark outline, solid flat pastel colors, simple shapes, no shading, no gradients, no shadows. A single subject centered with margins, plain pure white background, no text, no letters.","A realistic photograph of a child mouth, smiling, natural indoor setting, soft daylight, only the relevant body part clearly in focus. Soft natural daylight, shallow depth of field, sharp focus on the subject, a single clear subject centered in the frame, whole subject visible, clean uncluttered composition, no text, no watermark.","A soft watercolor illustration of a child mouth, smiling for a children's picture book. Gentle pastel colors, delicate brush strokes, visible paper texture, light washes, a single subject centered with margins, a pale soft watercolor wash background, no text.","A paper cut-out collage of a child mouth, smiling, made of layered colored construction paper with simple shapes and soft paper shadows, children's craft style, a single subject centered with margins, plain light cream paper background, no text."
рука,,"a child hand, open","natural indoor setting, soft daylight, only the relevant body part clearly in focus","A flat vector illustration of a child hand, open, in the style of a children's educational flashcard. Bold thick dark outline, solid flat pastel colors, simple shapes, no shading, no gradients, no shadows. A single subject centered with margins, plain pure white background, no text, no letters.","A realistic photograph of a child hand, open, natural indoor setting, soft daylight, only the relevant body part clearly in focus. Soft natural daylight, shallow depth of field, sharp focus on the subject, a single clear subject centered in the frame, whole subject visible, clean uncluttered composition, no text, no watermark.","A soft watercolor illustration of a child hand, open for a children's picture book. Gentle pastel colors, delicate brush strokes, visible paper texture, light washes, a single subject centered with margins, a pale soft watercolor wash background, no text.","A paper cut-out collage of a child hand, open, made of layered colored construction paper with simple shapes and soft paper shadows, children's craft style, a single subject centered with margins, plain light cream paper background, no text."
сад,,a garden with a tree and flowers,a sunny garden,"A flat vector illustration of a garden with a tree and flowers, in the style of a children's educational flashcard. Bold thick dark outline, solid flat pastel colors, simple shapes, no shading, no gradients, no shadows. A single subject centered with margins, plain pure white background, no text, no letters.","A realistic photograph of a garden with a tree and flowers, a sunny garden. Soft natural daylight, shallow depth of field, sharp focus on the subject, a single clear subject centered in the frame, whole subject visible, clean uncluttered composition, no text, no watermark.","A soft watercolor illustration of a garden with a tree and flowers for a children's picture book. Gentle pastel colors, delicate brush strokes, visible paper texture, light washes, a single subject centered with margins, a pale soft watercolor wash background, no text.","A paper cut-out collage of a garden with a tree and flowers, made of layered colored construction paper with simple shapes and soft paper shadows, children's craft style, a single subject centered with margins, plain light cream paper background, no text."
салат,,a bowl of salad,"on a rustic wooden kitchen table, softly blurred kitchen behind","A flat vector illustration of a bowl of salad, in the style of a children's educational flashcard. Bold thick dark outline, solid flat pastel colors, simple shapes, no shading, no gradients, no shadows. A single subject centered with margins, plain pure white background, no text, no letters.","A realistic photograph of a bowl of salad, on a rustic wooden kitchen table, softly blurred kitchen behind. Soft natural daylight, shallow depth of field, sharp focus on the subject, a single clear subject centered in the frame, whole subject visible, clean uncluttered composition, no text, no watermark.","A soft watercolor illustration of a bowl of salad for a children's picture book. Gentle pastel colors, delicate brush strokes, visible paper texture, light washes, a single subject centered with margins, a pale soft watercolor wash background, no text.","A paper cut-out collage of a bowl of salad, made of layered colored construction paper with simple shapes and soft paper shadows, children's craft style, a single subject centered with margins, plain light cream paper background, no text."
сало,да,"a slab of salo, white pork fat slice with a thin pink stripe","on a rustic wooden kitchen table, softly blurred kitchen behind","A flat vector illustration of a slab of salo, white pork fat slice with a thin pink stripe, in the style of a children's educational flashcard. Bold thick dark outline, solid flat pastel colors, simple shapes, no shading, no gradients, no shadows. A single subject centered with margins, plain pure white background, no text, no letters.","A realistic photograph of a slab of salo, white pork fat slice with a thin pink stripe, on a rustic wooden kitchen table, softly blurred kitchen behind. Soft natural daylight, shallow depth of field, sharp focus on the subject, a single clear subject centered in the frame, whole subject visible, clean uncluttered composition, no text, no watermark.","A soft watercolor illustration of a slab of salo, white pork fat slice with a thin pink stripe for a children's picture book. Gentle pastel colors, delicate brush strokes, visible paper texture, light washes, a single subject centered with margins, a pale soft watercolor wash background, no text.","A paper cut-out collage of a slab of salo, white pork fat slice with a thin pink stripe, made of layered colored construction paper with simple shapes and soft paper shadows, children's craft style, a single subject centered with margins, plain light cream paper background, no text."
самка,да,a female deer (doe) without antlers,"in a natural outdoor setting on green grass, soft green background","A flat vector illustration of a female deer (doe) without antlers, in the style of a children's educational flashcard. Bold thick dark outline, solid flat pastel colors, simple shapes, no shading, no gradients, no shadows. A single subject centered with margins, plain pure white background, no text, no letters.","A realistic photograph of a female deer (doe) without antlers, in a natural outdoor setting on green grass, soft green background. Soft natural daylight, shallow depth of field, sharp focus on the subject, a single clear subject centered in the frame, whole subject visible, clean uncluttered composition, no text, no watermark.","A soft watercolor illustration of a female deer (doe) without antlers for a children's picture book. Gentle pastel colors, delicate brush strokes, visible paper texture, light washes, a single subject centered with margins, a pale soft watercolor wash background, no text.","A paper cut-out collage of a female deer (doe) without antlers, made of layered colored construction paper with simple shapes and soft paper shadows, children's craft style, a single subject centered with margins, plain light cream paper background, no text."
самолёт,,"an airplane, side view","on an airfield, clear sky","A flat vector illustration of an airplane, side view, in the style of a children's educational flashcard. Bold thick dark outline, solid flat pastel colors, simple shapes, no shading, no gradients, no shadows. A single subject centered with margins, plain pure white background, no text, no letters.","A realistic photograph of an airplane, side view, on an airfield, clear sky. Soft natural daylight, shallow depth of field, sharp focus on the subject, a single clear subject centered in the frame, whole subject visible, clean uncluttered composition, no text, no watermark.","A soft watercolor illustration of an airplane, side view for a children's picture book. Gentle pastel colors, delicate brush strokes, visible paper texture, light washes, a single subject centered with margins, a pale soft watercolor wash background, no text.","A paper cut-out collage of an airplane, side view, made of layered colored construction paper with simple shapes and soft paper shadows, children's craft style, a single subject centered with margins, plain light cream paper background, no text."
самосвал,,a dump truck,"outdoors on a quiet sunny street or in its natural setting, softly blurred background","A flat vector illustration of a dump truck, in the style of a children's educational flashcard. Bold thick dark outline, solid flat pastel colors, simple shapes, no shading, no gradients, no shadows. A single subject centered with margins, plain pure white background, no text, no letters.","A realistic photograph of a dump truck, outdoors on a quiet sunny street or in its natural setting, softly blurred background. Soft natural daylight, shallow depth of field, sharp focus on the subject, a single clear subject centered in the frame, whole subject visible, clean uncluttered composition, no text, no watermark.","A soft watercolor illustration of a dump truck for a children's picture book. Gentle pastel colors, delicate brush strokes, visible paper texture, light washes, a single subject centered with margins, a pale soft watercolor wash background, no text.","A paper cut-out collage of a dump truck, made of layered colored construction paper with simple shapes and soft paper shadows, children's craft style, a single subject centered with margins, plain light cream paper background, no text."
сапог,,a rubber boot,"on a light wooden table in a bright cozy room, softly blurred room behind","A flat vector illustration of a rubber boot, in the style of a children's educational flashcard. Bold thick dark outline, solid flat pastel colors, simple shapes, no shading, no gradients, no shadows. A single subject centered with margins, plain pure white background, no text, no letters.","A realistic photograph of a rubber boot, on a light wooden table in a bright cozy room, softly blurred room behind. Soft natural daylight, shallow depth of field, sharp focus on the subject, a single clear subject centered in the frame, whole subject visible, clean uncluttered composition, no text, no watermark.","A soft watercolor illustration of a rubber boot for a children's picture book. Gentle pastel colors, delicate brush strokes, visible paper texture, light washes, a single subject centered with margins, a pale soft watercolor wash background, no text.","A paper cut-out collage of a rubber boot, made of layered colored construction paper with simple shapes and soft paper shadows, children's craft style, a single subject centered with margins, plain light cream paper background, no text."
семечко,,a sunflower seed,"on a rustic wooden kitchen table, softly blurred kitchen behind","A flat vector illustration of a sunflower seed, in the style of a children's educational flashcard. Bold thick dark outline, solid flat pastel colors, simple shapes, no shading, no gradients, no shadows. A single subject centered with margins, plain pure white background, no text, no letters.","A realistic photograph of a sunflower seed, on a rustic wooden kitchen table, softly blurred kitchen behind. Soft natural daylight, shallow depth of field, sharp focus on the subject, a single clear subject centered in the frame, whole subject visible, clean uncluttered composition, no text, no watermark.","A soft watercolor illustration of a sunflower seed for a children's picture book. Gentle pastel colors, delicate brush strokes, visible paper texture, light washes, a single subject centered with margins, a pale soft watercolor wash background, no text.","A paper cut-out collage of a sunflower seed, made of layered colored construction paper with simple shapes and soft paper shadows, children's craft style, a single subject centered with margins, plain light cream paper background, no text."
семь,,seven apples,"on a rustic wooden kitchen table, softly blurred kitchen behind","A flat vector illustration of seven apples, in the style of a children's educational flashcard. Bold thick dark outline, solid flat pastel colors, simple shapes, no shading, no gradients, no shadows. A single subject centered with margins, plain pure white background, no text, no letters.","A realistic photograph of seven apples, on a rustic wooden kitchen table, softly blurred kitchen behind. Soft natural daylight, shallow depth of field, sharp focus on the subject, a single clear subject centered in the frame, whole subject visible, clean uncluttered composition, no text, no watermark.","A soft watercolor illustration of seven apples for a children's picture book. Gentle pastel colors, delicate brush strokes, visible paper texture, light washes, a single subject centered with margins, a pale soft watercolor wash background, no text.","A paper cut-out collage of seven apples, made of layered colored construction paper with simple shapes and soft paper shadows, children's craft style, a single subject centered with margins, plain light cream paper background, no text."
сидит,,a child sitting on a chair,"in a bright cozy home setting, full body, seen from the side","A flat vector illustration of a child sitting on a chair, in the style of a children's educational flashcard. Bold thick dark outline, solid flat pastel colors, simple shapes, no shading, no gradients, no shadows. A single subject centered with margins, plain pure white background, no text, no letters.","A realistic photograph of a child sitting on a chair, in a bright cozy home setting, full body, seen from the side. Soft natural daylight, shallow depth of field, sharp focus on the subject, a single clear subject centered in the frame, whole subject visible, clean uncluttered composition, no text, no watermark.","A soft watercolor illustration of a child sitting on a chair for a children's picture book. Gentle pastel colors, delicate brush strokes, visible paper texture, light washes, a single subject centered with margins, a pale soft watercolor wash background, no text.","A paper cut-out collage of a child sitting on a chair, made of layered colored construction paper with simple shapes and soft paper shadows, children's craft style, a single subject centered with margins, plain light cream paper background, no text."
смеётся,,a laughing child,"in a bright cozy home setting, full body, seen from the side","A flat vector illustration of a laughing child, in the style of a children's educational flashcard. Bold thick dark outline, solid flat pastel colors, simple shapes, no shading, no gradients, no shadows. A single subject centered with margins, plain pure white background, no text, no letters.","A realistic photograph of a laughing child, in a bright cozy home setting, full body, seen from the side. Soft natural daylight, shallow depth of field, sharp focus on the subject, a single clear subject centered in the frame, whole subject visible, clean uncluttered composition, no text, no watermark.","A soft watercolor illustration of a laughing child for a children's picture book. Gentle pastel colors, delicate brush strokes, visible paper texture, light washes, a single subject centered with margins, a pale soft watercolor wash background, no text.","A paper cut-out collage of a laughing child, made of layered colored construction paper with simple shapes and soft paper shadows, children's craft style, a single subject centered with margins, plain light cream paper background, no text."
собака,,"a brown dog sitting, front view","in a natural outdoor setting on green grass, soft green background","A flat vector illustration of a brown dog sitting, front view, in the style of a children's educational flashcard. Bold thick dark outline, solid flat pastel colors, simple shapes, no shading, no gradients, no shadows. A single subject centered with margins, plain pure white background, no text, no letters.","A realistic photograph of a brown dog sitting, front view, in a natural outdoor setting on green grass, soft green background. Soft natural daylight, shallow depth of field, sharp focus on the subject, a single clear subject centered in the frame, whole subject visible, clean uncluttered composition, no text, no watermark.","A soft watercolor illustration of a brown dog sitting, front view for a children's picture book. Gentle pastel colors, delicate brush strokes, visible paper texture, light washes, a single subject centered with margins, a pale soft watercolor wash background, no text.","A paper cut-out collage of a brown dog sitting, front view, made of layered colored construction paper with simple shapes and soft paper shadows, children's craft style, a single subject centered with margins, plain light cream paper background, no text."
сова,,an owl,"in a natural outdoor setting on green grass, soft green background","A flat vector illustration of an owl, in the style of a children's educational flashcard. Bold thick dark outline, solid flat pastel colors, simple shapes, no shading, no gradients, no shadows. A single subject centered with margins, plain pure white background, no text, no letters.","A realistic photograph of an owl, in a natural outdoor setting on green grass, soft green background. Soft natural daylight, shallow depth of field, sharp focus on the subject, a single clear subject centered in the frame, whole subject visible, clean uncluttered composition, no text, no watermark.","A soft watercolor illustration of an owl for a children's picture book. Gentle pastel colors, delicate brush strokes, visible paper texture, light washes, a single subject centered with margins, a pale soft watercolor wash background, no text.","A paper cut-out collage of an owl, made of layered colored construction paper with simple shapes and soft paper shadows, children's craft style, a single subject centered with margins, plain light cream paper background, no text."
сок,,a glass of orange juice with a straw,"on a rustic wooden kitchen table, softly blurred kitchen behind","A flat vector illustration of a glass of orange juice with a straw, in the style of a children's educational flashcard. Bold thick dark outline, solid flat pastel colors, simple shapes, no shading, no gradients, no shadows. A single subject centered with margins, plain pure white background, no text, no letters.","A realistic photograph of a glass of orange juice with a straw, on a rustic wooden kitchen table, softly blurred kitchen behind. Soft natural daylight, shallow depth of field, sharp focus on the subject, a single clear subject centered in the frame, whole subject visible, clean uncluttered composition, no text, no watermark.","A soft watercolor illustration of a glass of orange juice with a straw for a children's picture book. Gentle pastel colors, delicate brush strokes, visible paper texture, light washes, a single subject centered with margins, a pale soft watercolor wash background, no text.","A paper cut-out collage of a glass of orange juice with a straw, made of layered colored construction paper with simple shapes and soft paper shadows, children's craft style, a single subject centered with margins, plain light cream paper background, no text."
сорт,да,three apples of different colors in a row,"on a rustic wooden kitchen table, softly blurred kitchen behind","A flat vector illustration of three apples of different colors in a row, in the style of a children's educational flashcard. Bold thick dark outline, solid flat pastel colors, simple shapes, no shading, no gradients, no shadows. A single subject centered with margins, plain pure white background, no text, no letters.","A realistic photograph of three apples of different colors in a row, on a rustic wooden kitchen table, softly blurred kitchen behind. Soft natural daylight, shallow depth of field, sharp focus on the subject, a single clear subject centered in the frame, whole subject visible, clean uncluttered composition, no text, no watermark.","A soft watercolor illustration of three apples of different colors in a row for a children's picture book. Gentle pastel colors, delicate brush strokes, visible paper texture, light washes, a single subject centered with margins, a pale soft watercolor wash background, no text.","A paper cut-out collage of three apples of different colors in a row, made of layered colored construction paper with simple shapes and soft paper shadows, children's craft style, a single subject centered with margins, plain light cream paper background, no text."
соска,,a baby pacifier,"on a light wooden table in a bright cozy room, softly blurred room behind","A flat vector illustration of a baby pacifier, in the style of a children's educational flashcard. Bold thick dark outline, solid flat pastel colors, simple shapes, no shading, no gradients, no shadows. A single subject centered with margins, plain pure white background, no text, no letters.","A realistic photograph of a baby pacifier, on a light wooden table in a bright cozy room, softly blurred room behind. Soft natural daylight, shallow depth of field, sharp focus on the subject, a single clear subject centered in the frame, whole subject visible, clean uncluttered composition, no text, no watermark.","A soft watercolor illustration of a baby pacifier for a children's picture book. Gentle pastel colors, delicate brush strokes, visible paper texture, light washes, a single subject centered with margins, a pale soft watercolor wash background, no text.","A paper cut-out collage of a baby pacifier, made of layered colored construction paper with simple shapes and soft paper shadows, children's craft style, a single subject centered with margins, plain light cream paper background, no text."
спит,,"a child sleeping in bed, eyes closed","in a bright cozy home setting, full body, seen from the side","A flat vector illustration of a child sleeping in bed, eyes closed, in the style of a children's educational flashcard. Bold thick dark outline, solid flat pastel colors, simple shapes, no shading, no gradients, no shadows. A single subject centered with margins, plain pure white background, no text, no letters.","A realistic photograph of a child sleeping in bed, eyes closed, in a bright cozy home setting, full body, seen from the side. Soft natural daylight, shallow depth of field, sharp focus on the subject, a single clear subject centered in the frame, whole subject visible, clean uncluttered composition, no text, no watermark.","A soft watercolor illustration of a child sleeping in bed, eyes closed for a children's picture book. Gentle pastel colors, delicate brush strokes, visible paper texture, light washes, a single subject centered with margins, a pale soft watercolor wash background, no text.","A paper cut-out collage of a child sleeping in bed, eyes closed, made of layered colored construction paper with simple shapes and soft paper shadows, children's craft style, a single subject centered with margins, plain light cream paper background, no text."
столик,,a small table,"on a light wooden table in a bright cozy room, softly blurred room behind","A flat vector illustration of a small table, in the style of a children's educational flashcard. Bold thick dark outline, solid flat pastel colors, simple shapes, no shading, no gradients, no shadows. A single subject centered with margins, plain pure white background, no text, no letters.","A realistic photograph of a small table, on a light wooden table in a bright cozy room, softly blurred room behind. Soft natural daylight, shallow depth of field, sharp focus on the subject, a single clear subject centered in the frame, whole subject visible, clean uncluttered composition, no text, no watermark.","A soft watercolor illustration of a small table for a children's picture book. Gentle pastel colors, delicate brush strokes, visible paper texture, light washes, a single subject centered with margins, a pale soft watercolor wash background, no text.","A paper cut-out collage of a small table, made of layered colored construction paper with simple shapes and soft paper shadows, children's craft style, a single subject centered with margins, plain light cream paper background, no text."
строитель,,a builder with helmet,"in a bright simple everyday setting, soft natural light, plain clothes, friendly smile, looking at the camera","A flat vector illustration of a builder with helmet, in the style of a children's educational flashcard. Bold thick dark outline, solid flat pastel colors, simple shapes, no shading, no gradients, no shadows. A single subject centered with margins, plain pure white background, no text, no letters.","A realistic photograph of a builder with helmet, in a bright simple everyday setting, soft natural light, plain clothes, friendly smile, looking at the camera. Soft natural daylight, shallow depth of field, sharp focus on the subject, a single clear subject centered in the frame, whole subject visible, clean uncluttered composition, no text, no watermark.","A soft watercolor illustration of a builder with helmet for a children's picture book. Gentle pastel colors, delicate brush strokes, visible paper texture, light washes, a single subject centered with margins, a pale soft watercolor wash background, no text.","A paper cut-out collage of a builder with helmet, made of layered colored construction paper with simple shapes and soft paper shadows, children's craft style, a single subject centered with margins, plain light cream paper background, no text."
суп,,a bowl of soup with a spoon,"on a rustic wooden kitchen table, softly blurred kitchen behind","A flat vector illustration of a bowl of soup with a spoon, in the style of a children's educational flashcard. Bold thick dark outline, solid flat pastel colors, simple shapes, no shading, no gradients, no shadows. A single subject centered with margins, plain pure white background, no text, no letters.","A realistic photograph of a bowl of soup with a spoon, on a rustic wooden kitchen table, softly blurred kitchen behind. Soft natural daylight, shallow depth of field, sharp focus on the subject, a single clear subject centered in the frame, whole subject visible, clean uncluttered composition, no text, no watermark.","A soft watercolor illustration of a bowl of soup with a spoon for a children's picture book. Gentle pastel colors, delicate brush strokes, visible paper texture, light washes, a single subject centered with margins, a pale soft watercolor wash background, no text.","A paper cut-out collage of a bowl of soup with a spoon, made of layered colored construction paper with simple shapes and soft paper shadows, children's craft style, a single subject centered with margins, plain light cream paper background, no text."
сыр,,a piece of cheese,"on a rustic wooden kitchen table, softly blurred kitchen behind","A flat vector illustration of a piece of cheese, in the style of a children's educational flashcard. Bold thick dark outline, solid flat pastel colors, simple shapes, no shading, no gradients, no shadows. A single subject centered with margins, plain pure white background, no text, no letters.","A realistic photograph of a piece of cheese, on a rustic wooden kitchen table, softly blurred kitchen behind. Soft natural daylight, shallow depth of field, sharp focus on the subject, a single clear subject centered in the frame, whole subject visible, clean uncluttered composition, no text, no watermark.","A soft watercolor illustration of a piece of cheese for a children's picture book. Gentle pastel colors, delicate brush strokes, visible paper texture, light washes, a single subject centered with margins, a pale soft watercolor wash background, no text.","A paper cut-out collage of a piece of cheese, made of layered colored construction paper with simple shapes and soft paper shadows, children's craft style, a single subject centered with margins, plain light cream paper background, no text."
тазик,,a basin,"on a wooden kitchen table, softly blurred kitchen behind","A flat vector illustration of a basin, in the style of a children's educational flashcard. Bold thick dark outline, solid flat pastel colors, simple shapes, no shading, no gradients, no shadows. A single subject centered with margins, plain pure white background, no text, no letters.","A realistic photograph of a basin, on a wooden kitchen table, softly blurred kitchen behind. Soft natural daylight, shallow depth of field, sharp focus on the subject, a single clear subject centered in the frame, whole subject visible, clean uncluttered composition, no text, no watermark.","A soft watercolor illustration of a basin for a children's picture book. Gentle pastel colors, delicate brush strokes, visible paper texture, light washes, a single subject centered with margins, a pale soft watercolor wash background, no text.","A paper cut-out collage of a basin, made of layered colored construction paper with simple shapes and soft paper shadows, children's craft style, a single subject centered with margins, plain light cream paper background, no text."
тапок,,a slipper,"on a light wooden table in a bright cozy room, softly blurred room behind","A flat vector illustration of a slipper, in the style of a children's educational flashcard. Bold thick dark outline, solid flat pastel colors, simple shapes, no shading, no gradients, no shadows. A single subject centered with margins, plain pure white background, no text, no letters.","A realistic photograph of a slipper, on a light wooden table in a bright cozy room, softly blurred room behind. Soft natural daylight, shallow depth of field, sharp focus on the subject, a single clear subject centered in the frame, whole subject visible, clean uncluttered composition, no text, no watermark.","A soft watercolor illustration of a slipper for a children's picture book. Gentle pastel colors, delicate brush strokes, visible paper texture, light washes, a single subject centered with margins, a pale soft watercolor wash background, no text.","A paper cut-out collage of a slipper, made of layered colored construction paper with simple shapes and soft paper shadows, children's craft style, a single subject centered with margins, plain light cream paper background, no text."
телефон,,a mobile phone,"on a light wooden table in a bright cozy room, softly blurred room behind","A flat vector illustration of a mobile phone, in the style of a children's educational flashcard. Bold thick dark outline, solid flat pastel colors, simple shapes, no shading, no gradients, no shadows. A single subject centered with margins, plain pure white background, no text, no letters.","A realistic photograph of a mobile phone, on a light wooden table in a bright cozy room, softly blurred room behind. Soft natural daylight, shallow depth of field, sharp focus on the subject, a single clear subject centered in the frame, whole subject visible, clean uncluttered composition, no text, no watermark.","A soft watercolor illustration of a mobile phone for a children's picture book. Gentle pastel colors, delicate brush strokes, visible paper texture, light washes, a single subject centered with margins, a pale soft watercolor wash background, no text.","A paper cut-out collage of a mobile phone, made of layered colored construction paper with simple shapes and soft paper shadows, children's craft style, a single subject centered with margins, plain light cream paper background, no text."
топор,,an axe,"on a light wooden table in a bright cozy room, softly blurred room behind","A flat vector illustration of an axe, in the style of a children's educational flashcard. Bold thick dark outline, solid flat pastel colors, simple shapes, no shading, no gradients, no shadows. A single subject centered with margins, plain pure white background, no text, no letters.","A realistic photograph of an axe, on a light wooden table in a bright cozy room, softly blurred room behind. Soft natural daylight, shallow depth of field, sharp focus on the subject, a single clear subject centered in the frame, whole subject visible, clean uncluttered composition, no text, no watermark.","A soft watercolor illustration of an axe for a children's picture book. Gentle pastel colors, delicate brush strokes, visible paper texture, light washes, a single subject centered with margins, a pale soft watercolor wash background, no text.","A paper cut-out collage of an axe, made of layered colored construction paper with simple shapes and soft paper shadows, children's craft style, a single subject centered with margins, plain light cream paper background, no text."
тортик,,a birthday cake with a candle,"on a rustic wooden kitchen table, softly blurred kitchen behind","A flat vector illustration of a birthday cake with a candle, in the style of a children's educational flashcard. Bold thick dark outline, solid flat pastel colors, simple shapes, no shading, no gradients, no shadows. A single subject centered with margins, plain pure white background, no text, no letters.","A realistic photograph of a birthday cake with a candle, on a rustic wooden kitchen table, softly blurred kitchen behind. Soft natural daylight, shallow depth of field, sharp focus on the subject, a single clear subject centered in the frame, whole subject visible, clean uncluttered composition, no text, no watermark.","A soft watercolor illustration of a birthday cake with a candle for a children's picture book. Gentle pastel colors, delicate brush strokes, visible paper texture, light washes, a single subject centered with margins, a pale soft watercolor wash background, no text.","A paper cut-out collage of a birthday cake with a candle, made of layered colored construction paper with simple shapes and soft paper shadows, children's craft style, a single subject centered with margins, plain light cream paper background, no text."
трава,,a patch of green grass,a sunny meadow,"A flat vector illustration of a patch of green grass, in the style of a children's educational flashcard. Bold thick dark outline, solid flat pastel colors, simple shapes, no shading, no gradients, no shadows. A single subject centered with margins, plain pure white background, no text, no letters.","A realistic photograph of a patch of green grass, a sunny meadow. Soft natural daylight, shallow depth of field, sharp focus on the subject, a single clear subject centered in the frame, whole subject visible, clean uncluttered composition, no text, no watermark.","A soft watercolor illustration of a patch of green grass for a children's picture book. Gentle pastel colors, delicate brush strokes, visible paper texture, light washes, a single subject centered with margins, a pale soft watercolor wash background, no text.","A paper cut-out collage of a patch of green grass, made of layered colored construction paper with simple shapes and soft paper shadows, children's craft style, a single subject centered with margins, plain light cream paper background, no text."
трактор,,a tractor,"outdoors on a quiet sunny street or in its natural setting, softly blurred background","A flat vector illustration of a tractor, in the style of a children's educational flashcard. Bold thick dark outline, solid flat pastel colors, simple shapes, no shading, no gradients, no shadows. A single subject centered with margins, plain pure white background, no text, no letters.","A realistic photograph of a tractor, outdoors on a quiet sunny street or in its natural setting, softly blurred background. Soft natural daylight, shallow depth of field, sharp focus on the subject, a single clear subject centered in the frame, whole subject visible, clean uncluttered composition, no text, no watermark.","A soft watercolor illustration of a tractor for a children's picture book. Gentle pastel colors, delicate brush strokes, visible paper texture, light washes, a single subject centered with margins, a pale soft watercolor wash background, no text.","A paper cut-out collage of a tractor, made of layered colored construction paper with simple shapes and soft paper shadows, children's craft style, a single subject centered with margins, plain light cream paper background, no text."
три,,three apples,"on a rustic wooden kitchen table, softly blurred kitchen behind","A flat vector illustration of three apples, in the style of a children's educational flashcard. Bold thick dark outline, solid flat pastel colors, simple shapes, no shading, no gradients, no shadows. A single subject centered with margins, plain pure white background, no text, no letters.","A realistic photograph of three apples, on a rustic wooden kitchen table, softly blurred kitchen behind. Soft natural daylight, shallow depth of field, sharp focus on the subject, a single clear subject centered in the frame, whole subject visible, clean uncluttered composition, no text, no watermark.","A soft watercolor illustration of three apples for a children's picture book. Gentle pastel colors, delicate brush strokes, visible paper texture, light washes, a single subject centered with margins, a pale soft watercolor wash background, no text.","A paper cut-out collage of three apples, made of layered colored construction paper with simple shapes and soft paper shadows, children's craft style, a single subject centered with margins, plain light cream paper background, no text."
тюльпан,,a red tulip,in a spring garden,"A flat vector illustration of a red tulip, in the style of a children's educational flashcard. Bold thick dark outline, solid flat pastel colors, simple shapes, no shading, no gradients, no shadows. A single subject centered with margins, plain pure white background, no text, no letters.","A realistic photograph of a red tulip, in a spring garden. Soft natural daylight, shallow depth of field, sharp focus on the subject, a single clear subject centered in the frame, whole subject visible, clean uncluttered composition, no text, no watermark.","A soft watercolor illustration of a red tulip for a children's picture book. Gentle pastel colors, delicate brush strokes, visible paper texture, light washes, a single subject centered with margins, a pale soft watercolor wash background, no text.","A paper cut-out collage of a red tulip, made of layered colored construction paper with simple shapes and soft paper shadows, children's craft style, a single subject centered with margins, plain light cream paper background, no text."
тётя,,"a smiling woman, full body","in a bright simple everyday setting, soft natural light, plain clothes, friendly smile, looking at the camera","A flat vector illustration of a smiling woman, full body, in the style of a children's educational flashcard. Bold thick dark outline, solid flat pastel colors, simple shapes, no shading, no gradients, no shadows. A single subject centered with margins, plain pure white background, no text, no letters.","A realistic photograph of a smiling woman, full body, in a bright simple everyday setting, soft natural light, plain clothes, friendly smile, looking at the camera. Soft natural daylight, shallow depth of field, sharp focus on the subject, a single clear subject centered in the frame, whole subject visible, clean uncluttered composition, no text, no watermark.","A soft watercolor illustration of a smiling woman, full body for a children's picture book. Gentle pastel colors, delicate brush strokes, visible paper texture, light washes, a single subject centered with margins, a pale soft watercolor wash background, no text.","A paper cut-out collage of a smiling woman, full body, made of layered colored construction paper with simple shapes and soft paper shadows, children's craft style, a single subject centered with margins, plain light cream paper background, no text."
утюг,,an iron,"on a light wooden table in a bright cozy room, softly blurred room behind","A flat vector illustration of an iron, in the style of a children's educational flashcard. Bold thick dark outline, solid flat pastel colors, simple shapes, no shading, no gradients, no shadows. A single subject centered with margins, plain pure white background, no text, no letters.","A realistic photograph of an iron, on a light wooden table in a bright cozy room, softly blurred room behind. Soft natural daylight, shallow depth of field, sharp focus on the subject, a single clear subject centered in the frame, whole subject visible, clean uncluttered composition, no text, no watermark.","A soft watercolor illustration of an iron for a children's picture book. Gentle pastel colors, delicate brush strokes, visible paper texture, light washes, a single subject centered with margins, a pale soft watercolor wash background, no text.","A paper cut-out collage of an iron, made of layered colored construction paper with simple shapes and soft paper shadows, children's craft style, a single subject centered with margins, plain light cream paper background, no text."
учитель,,a teacher with a book,"in a bright simple everyday setting, soft natural light, plain clothes, friendly smile, looking at the camera","A flat vector illustration of a teacher with a book, in the style of a children's educational flashcard. Bold thick dark outline, solid flat pastel colors, simple shapes, no shading, no gradients, no shadows. A single subject centered with margins, plain pure white background, no text, no letters.","A realistic photograph of a teacher with a book, in a bright simple everyday setting, soft natural light, plain clothes, friendly smile, looking at the camera. Soft natural daylight, shallow depth of field, sharp focus on the subject, a single clear subject centered in the frame, whole subject visible, clean uncluttered composition, no text, no watermark.","A soft watercolor illustration of a teacher with a book for a children's picture book. Gentle pastel colors, delicate brush strokes, visible paper texture, light washes, a single subject centered with margins, a pale soft watercolor wash background, no text.","A paper cut-out collage of a teacher with a book, made of layered colored construction paper with simple shapes and soft paper shadows, children's craft style, a single subject centered with margins, plain light cream paper background, no text."
халатик,,a bathrobe,"on a light wooden table in a bright cozy room, softly blurred room behind","A flat vector illustration of a bathrobe, in the style of a children's educational flashcard. Bold thick dark outline, solid flat pastel colors, simple shapes, no shading, no gradients, no shadows. A single subject centered with margins, plain pure white background, no text, no letters.","A realistic photograph of a bathrobe, on a light wooden table in a bright cozy room, softly blurred room behind. Soft natural daylight, shallow depth of field, sharp focus on the subject, a single clear subject centered in the frame, whole subject visible, clean uncluttered composition, no text, no watermark.","A soft watercolor illustration of a bathrobe for a children's picture book. Gentle pastel colors, delicate brush strokes, visible paper texture, light washes, a single subject centered with margins, a pale soft watercolor wash background, no text.","A paper cut-out collage of a bathrobe, made of layered colored construction paper with simple shapes and soft paper shadows, children's craft style, a single subject centered with margins, plain light cream paper background, no text."
художник,,a painter with a brush and palette,"in a bright simple everyday setting, soft natural light, plain clothes, friendly smile, looking at the camera","A flat vector illustration of a painter with a brush and palette, in the style of a children's educational flashcard. Bold thick dark outline, solid flat pastel colors, simple shapes, no shading, no gradients, no shadows. A single subject centered with margins, plain pure white background, no text, no letters.","A realistic photograph of a painter with a brush and palette, in a bright simple everyday setting, soft natural light, plain clothes, friendly smile, looking at the camera. Soft natural daylight, shallow depth of field, sharp focus on the subject, a single clear subject centered in the frame, whole subject visible, clean uncluttered composition, no text, no watermark.","A soft watercolor illustration of a painter with a brush and palette for a children's picture book. Gentle pastel colors, delicate brush strokes, visible paper texture, light washes, a single subject centered with margins, a pale soft watercolor wash background, no text.","A paper cut-out collage of a painter with a brush and palette, made of layered colored construction paper with simple shapes and soft paper shadows, children's craft style, a single subject centered with margins, plain light cream paper background, no text."
цветок,,a flower,"outdoors in a sunny garden or park, soft green background","A flat vector illustration of a flower, in the style of a children's educational flashcard. Bold thick dark outline, solid flat pastel colors, simple shapes, no shading, no gradients, no shadows. A single subject centered with margins, plain pure white background, no text, no letters.","A realistic photograph of a flower, outdoors in a sunny garden or park, soft green background. Soft natural daylight, shallow depth of field, sharp focus on the subject, a single clear subject centered in the frame, whole subject visible, clean uncluttered composition, no text, no watermark.","A soft watercolor illustration of a flower for a children's picture book. Gentle pastel colors, delicate brush strokes, visible paper texture, light washes, a single subject centered with margins, a pale soft watercolor wash background, no text.","A paper cut-out collage of a flower, made of layered colored construction paper with simple shapes and soft paper shadows, children's craft style, a single subject centered with margins, plain light cream paper background, no text."
чай,,a cup of tea,"on a rustic wooden kitchen table, softly blurred kitchen behind","A flat vector illustration of a cup of tea, in the style of a children's educational flashcard. Bold thick dark outline, solid flat pastel colors, simple shapes, no shading, no gradients, no shadows. A single subject centered with margins, plain pure white background, no text, no letters.","A realistic photograph of a cup of tea, on a rustic wooden kitchen table, softly blurred kitchen behind. Soft natural daylight, shallow depth of field, sharp focus on the subject, a single clear subject centered in the frame, whole subject visible, clean uncluttered composition, no text, no watermark.","A soft watercolor illustration of a cup of tea for a children's picture book. Gentle pastel colors, delicate brush strokes, visible paper texture, light washes, a single subject centered with margins, a pale soft watercolor wash background, no text.","A paper cut-out collage of a cup of tea, made of layered colored construction paper with simple shapes and soft paper shadows, children's craft style, a single subject centered with margins, plain light cream paper background, no text."
четыре,,four apples,"on a rustic wooden kitchen table, softly blurred kitchen behind","A flat vector illustration of four apples, in the style of a children's educational flashcard. Bold thick dark outline, solid flat pastel colors, simple shapes, no shading, no gradients, no shadows. A single subject centered with margins, plain pure white background, no text, no letters.","A realistic photograph of four apples, on a rustic wooden kitchen table, softly blurred kitchen behind. Soft natural daylight, shallow depth of field, sharp focus on the subject, a single clear subject centered in the frame, whole subject visible, clean uncluttered composition, no text, no watermark.","A soft watercolor illustration of four apples for a children's picture book. Gentle pastel colors, delicate brush strokes, visible paper texture, light washes, a single subject centered with margins, a pale soft watercolor wash background, no text.","A paper cut-out collage of four apples, made of layered colored construction paper with simple shapes and soft paper shadows, children's craft style, a single subject centered with margins, plain light cream paper background, no text."
читает,,a child reading a book,"in a bright cozy home setting, full body, seen from the side","A flat vector illustration of a child reading a book, in the style of a children's educational flashcard. Bold thick dark outline, solid flat pastel colors, simple shapes, no shading, no gradients, no shadows. A single subject centered with margins, plain pure white background, no text, no letters.","A realistic photograph of a child reading a book, in a bright cozy home setting, full body, seen from the side. Soft natural daylight, shallow depth of field, sharp focus on the subject, a single clear subject centered in the frame, whole subject visible, clean uncluttered composition, no text, no watermark.","A soft watercolor illustration of a child reading a book for a children's picture book. Gentle pastel colors, delicate brush strokes, visible paper texture, light washes, a single subject centered with margins, a pale soft watercolor wash background, no text.","A paper cut-out collage of a child reading a book, made of layered colored construction paper with simple shapes and soft paper shadows, children's craft style, a single subject centered with margins, plain light cream paper background, no text."
шар,,a balloon,"outdoors on green grass in a sunny park, soft background","A flat vector illustration of a balloon, in the style of a children's educational flashcard. Bold thick dark outline, solid flat pastel colors, simple shapes, no shading, no gradients, no shadows. A single subject centered with margins, plain pure white background, no text, no letters.","A realistic photograph of a balloon, outdoors on green grass in a sunny park, soft background. Soft natural daylight, shallow depth of field, sharp focus on the subject, a single clear subject centered in the frame, whole subject visible, clean uncluttered composition, no text, no watermark.","A soft watercolor illustration of a balloon for a children's picture book. Gentle pastel colors, delicate brush strokes, visible paper texture, light washes, a single subject centered with margins, a pale soft watercolor wash background, no text.","A paper cut-out collage of a balloon, made of layered colored construction paper with simple shapes and soft paper shadows, children's craft style, a single subject centered with margins, plain light cream paper background, no text."
шесть,,six apples in two rows,"on a rustic wooden kitchen table, softly blurred kitchen behind","A flat vector illustration of six apples in two rows, in the style of a children's educational flashcard. Bold thick dark outline, solid flat pastel colors, simple shapes, no shading, no gradients, no shadows. A single subject centered with margins, plain pure white background, no text, no letters.","A realistic photograph of six apples in two rows, on a rustic wooden kitchen table, softly blurred kitchen behind. Soft natural daylight, shallow depth of field, sharp focus on the subject, a single clear subject centered in the frame, whole subject visible, clean uncluttered composition, no text, no watermark.","A soft watercolor illustration of six apples in two rows for a children's picture book. Gentle pastel colors, delicate brush strokes, visible paper texture, light washes, a single subject centered with margins, a pale soft watercolor wash background, no text.","A paper cut-out collage of six apples in two rows, made of layered colored construction paper with simple shapes and soft paper shadows, children's craft style, a single subject centered with margins, plain light cream paper background, no text."
шофёр,,a driver at a steering wheel,"in a bright simple everyday setting, soft natural light, plain clothes, friendly smile, looking at the camera","A flat vector illustration of a driver at a steering wheel, in the style of a children's educational flashcard. Bold thick dark outline, solid flat pastel colors, simple shapes, no shading, no gradients, no shadows. A single subject centered with margins, plain pure white background, no text, no letters.","A realistic photograph of a driver at a steering wheel, in a bright simple everyday setting, soft natural light, plain clothes, friendly smile, looking at the camera. Soft natural daylight, shallow depth of field, sharp focus on the subject, a single clear subject centered in the frame, whole subject visible, clean uncluttered composition, no text, no watermark.","A soft watercolor illustration of a driver at a steering wheel for a children's picture book. Gentle pastel colors, delicate brush strokes, visible paper texture, light washes, a single subject centered with margins, a pale soft watercolor wash background, no text.","A paper cut-out collage of a driver at a steering wheel, made of layered colored construction paper with simple shapes and soft paper shadows, children's craft style, a single subject centered with margins, plain light cream paper background, no text."
экскаватор,,an excavator,"outdoors on a quiet sunny street or in its natural setting, softly blurred background","A flat vector illustration of an excavator, in the style of a children's educational flashcard. Bold thick dark outline, solid flat pastel colors, simple shapes, no shading, no gradients, no shadows. A single subject centered with margins, plain pure white background, no text, no letters.","A realistic photograph of an excavator, outdoors on a quiet sunny street or in its natural setting, softly blurred background. Soft natural daylight, shallow depth of field, sharp focus on the subject, a single clear subject centered in the frame, whole subject visible, clean uncluttered composition, no text, no watermark.","A soft watercolor illustration of an excavator for a children's picture book. Gentle pastel colors, delicate brush strokes, visible paper texture, light washes, a single subject centered with margins, a pale soft watercolor wash background, no text.","A paper cut-out collage of an excavator, made of layered colored construction paper with simple shapes and soft paper shadows, children's craft style, a single subject centered with margins, plain light cream paper background, no text."
ягода,,a berry on a twig,"on a rustic wooden kitchen table, softly blurred kitchen behind","A flat vector illustration of a berry on a twig, in the style of a children's educational flashcard. Bold thick dark outline, solid flat pastel colors, simple shapes, no shading, no gradients, no shadows. A single subject centered with margins, plain pure white background, no text, no letters.","A realistic photograph of a berry on a twig, on a rustic wooden kitchen table, softly blurred kitchen behind. Soft natural daylight, shallow depth of field, sharp focus on the subject, a single clear subject centered in the frame, whole subject visible, clean uncluttered composition, no text, no watermark.","A soft watercolor illustration of a berry on a twig for a children's picture book. Gentle pastel colors, delicate brush strokes, visible paper texture, light washes, a single subject centered with margins, a pale soft watercolor wash background, no text.","A paper cut-out collage of a berry on a twig, made of layered colored construction paper with simple shapes and soft paper shadows, children's craft style, a single subject centered with margins, plain light cream paper background, no text."
